,COPx[cm]
0,2.293543
1,2.294504
2,2.295582
3,2.29692
4,2.298708
5,2.301163
6,2.30446
7,2.308648
8,2.313593
9,2.318951
10,2.324221
11,2.328842
12,2.332336
13,2.334423
14,2.335082
15,2.334543
16,2.333228
17,2.331686
18,2.330521
19,2.330315
20,2.331539
21,2.334481
22,2.339196
23,2.345514
24,2.353084
25,2.361431
26,2.370004
27,2.378213
28,2.38549
29,2.391346
30,2.395461
31,2.397759
32,2.398467
33,2.39811
34,2.397446
35,2.397314
36,2.398453
37,2.401334
38,2.406069
39,2.412431
40,2.419952
41,2.428068
42,2.436241
43,2.444031
44,2.451128
45,2.457359
46,2.462672
47,2.467106
48,2.470737
49,2.473629
50,2.475806
51,2.477262
52,2.477979
53,2.477936
54,2.477115
55,2.475487
56,2.473018
57,2.46969
58,2.46555
59,2.460756
60,2.455603
61,2.450506
62,2.445945
63,2.442379
64,2.440151
65,2.439429
66,2.440193
67,2.442268
68,2.445365
69,2.44912
70,2.453113
71,2.456919
72,2.460162
73,2.462586
74,2.464094
75,2.464726
76,2.464608
77,2.46391
78,2.462827
79,2.461572
80,2.460328
81,2.459158
82,2.457935
83,2.456356
84,2.454063
85,2.45083
86,2.446716
87,2.442109
88,2.437642
89,2.434028
90,2.431865
91,2.431491
92,2.432909
93,2.435823
94,2.439737
95,2.444091
96,2.448381
97,2.452238
98,2.455472
99,2.458093
100,2.460324
101,2.462599
102,2.465486
103,2.469545
104,2.475141
105,2.482293
106,2.490642
107,2.499543
108,2.508279
109,2.516288
110,2.523313
111,2.529408
112,2.534823
113,2.539874
114,2.544874
115,2.550178
116,2.556258
117,2.563724
118,2.573212
119,2.585167
120,2.599641
121,2.616173
122,2.633839
123,2.651432
124,2.667746
125,2.681863
126,2.693373
127,2.702463
128,2.709845
129,2.71654
130,2.723602
131,2.731879
132,2.741905
133,2.75393
134,2.768011
135,2.784109
136,2.802129
137,2.821919
138,2.843235
139,2.865701
140,2.888796
141,2.91185
142,2.934062
143,2.954559
144,2.97249
145,2.987185
146,2.99833
147,3.006103
148,3.011204
149,3.014742
150,3.017997
151,3.022128
152,3.027921
153,3.035653
154,3.045126
155,3.055829
156,3.067149
157,3.078524
158,3.089509
159,3.099739
160,3.108862
161,3.116485
162,3.122187
163,3.125592
164,3.126488
165,3.12495
166,3.12138
167,3.116454
168,3.110953
169,3.105553
170,3.100643
171,3.096204
172,3.091792
173,3.086613
174,3.079705
175,3.070179
176,3.057424
177,3.041222
178,3.021746
179,2.999459
180,2.974979
181,2.948897
182,2.92158
183,2.892999
184,2.862638
185,2.829555
186,2.792602
187,2.750766
188,2.70353
189,2.651129
190,2.594629
191,2.535808
192,2.476875
193,2.420114
194,2.367521
195,2.320522
196,2.279805
197,2.245296
198,2.216271
199,2.191573
200,2.169881
201,2.149985
202,2.13098
203,2.112369
204,2.094032
205,2.076136
206,2.05903
207,2.043172
208,2.029067
209,2.017206
210,2.007978
211,2.001602
212,1.998087
213,1.99725
214,1.998741
215,2.00207
216,2.00663
217,2.011773
218,2.016932
219,2.021797
220,2.026451
221,2.031392
222,2.037412
223,2.04533
224,2.055681
225,2.068469
226,2.08307
227,2.098332
228,2.112867
229,2.125441
230,2.135322
231,2.142468
232,2.147502
233,2.151508
234,2.155751
235,2.161431
236,2.169523
237,2.180684
238,2.195192
239,2.212917
240,2.233354
241,2.255757
242,2.279347
243,2.303562
244,2.328236
245,2.353636
246,2.380324
247,2.408883
248,2.439623
249,2.472374
250,2.506439
251,2.540709
252,2.573885
253,2.604767
254,2.632507
255,2.656756
256,2.677653
257,2.695672
258,2.711396
259,2.725356
260,2.737976
261,2.749629
262,2.760684
263,2.77149
264,2.782283
265,2.793068
266,2.803542
267,2.813106
268,2.821009
269,2.826562
270,2.829357
271,2.829383
272,2.826994
273,2.822766
274,2.817278
275,2.810911
276,2.803729
277,2.795471
278,2.785656
279,2.773767
280,2.759453
281,2.742707
282,2.723947
283,2.703979
284,2.683834
285,2.664529
286,2.646827
287,2.63105
288,2.617001
289,2.604037
290,2.591231
291,2.577612
292,2.562378
293,2.545043
294,2.525476
295,2.503823
296,2.480389
297,2.45552
298,2.429542
299,2.402732
300,2.375297
301,2.347324
302,2.318712
303,2.289118
304,2.257997
305,2.224757
306,2.189019
307,2.150888
308,2.111132
309,2.071184
310,2.032955
311,1.998489
312,1.969548
313,1.947268
314,1.931967
315,1.923179
316,1.919857
317,1.920668
318,1.92429
319,1.929631
320,1.935905
321,1.942588
322,1.949268
323,1.955517
324,1.960819
325,1.964603
326,1.966313
327,1.965501
328,1.961917
329,1.955581
330,1.946814
331,1.936208
332,1.924513
333,1.912489
334,1.900763
335,1.889761
336,1.879691
337,1.870551
338,1.862101
339,1.853837
340,1.845025
341,1.834862
342,1.822733
343,1.808462
344,1.792426
345,1.775479
346,1.758699
347,1.743104
348,1.729445
349,1.718155
350,1.709444
351,1.703449
352,1.700336
353,1.700291
354,1.703451
355,1.709838
356,1.719334
357,1.7317
358,1.746584
359,1.763541
360,1.782064
361,1.801629
362,1.821755
363,1.842053
364,1.862282
365,1.882385
366,1.902506
367,1.922978
368,1.944258
369,1.966829
370,1.991068
371,2.017149
372,2.045021
373,2.074454
374,2.105117
375,2.136624
376,2.168549
377,2.200452
378,2.23192
379,2.262622
380,2.292355
381,2.32105
382,2.34876
383,2.375656
384,2.402033
385,2.428324
386,2.455062
387,2.482773
388,2.511815
389,2.542258
390,2.573848
391,2.606096
392,2.638429
393,2.670346
394,2.701518
395,2.731832
396,2.761369
397,2.79033
398,2.818934
399,2.847324
400,2.875518
401,2.903396
402,2.93069
403,2.956962
404,2.981587
405,3.003787
406,3.022708
407,3.037539
408,3.047599
409,3.052403
410,3.051681
411,3.045411
412,3.033864
413,3.017639
414,2.997668
415,2.975167
416,2.951505
417,2.928027
418,2.905853
419,2.885723
420,2.867889
421,2.852091
422,2.837609
423,2.823383
424,2.80818
425,2.790784
426,2.770175
427,2.745696
428,2.717168
429,2.68495
430,2.649898
431,2.61325
432,2.576443
433,2.54089
434,2.507771
435,2.477889
436,2.451634
437,2.429052
438,2.40994
439,2.393947
440,2.380628
441,2.369472
442,2.359922
443,2.351402
444,2.343375
445,2.335386
446,2.327077
447,2.318147
448,2.308307
449,2.29728
450,2.284845
451,2.270905
452,2.255517
453,2.238907
454,2.22149
455,2.203879
456,2.186859
457,2.171291
458,2.157956
459,2.147418
460,2.139945
461,2.135515
462,2.133879
463,2.134658
464,2.137465
465,2.142018
466,2.148228
467,2.156208
468,2.166213
469,2.178526
470,2.193368
471,2.210838
472,2.230871
473,2.25319
474,2.277276
475,2.302396
476,2.327696
477,2.352351
478,2.37571
479,2.397396
480,2.417323
481,2.435643
482,2.452643
483,2.468636
484,2.483889
485,2.498614
486,2.512995
487,2.52724
488,2.541608
489,2.556403
490,2.571922
491,2.588384
492,2.605837
493,2.624101
494,2.642756
495,2.661201
496,2.678788
497,2.695002
498,2.709612
499,2.722759
500,2.734923
501,2.746787
502,2.759058
503,2.772299
504,2.786825
505,2.802691
506,2.819736
507,2.837651
508,2.856063
509,2.874628
510,2.893105
511,2.911393
512,2.929473
513,2.94731
514,2.964743
515,2.981466
516,2.997083
517,3.011232
518,3.02369
519,3.034424
520,3.043565
521,3.051358
522,3.058078
523,3.063959
524,3.069146
525,3.073691
526,3.077602
527,3.080929
528,3.083854
529,3.08672
530,3.089965
531,3.093965
532,3.098872
533,3.104507
534,3.110395
535,3.115924
536,3.120565
537,3.124068
538,3.126558
539,3.128509
540,3.13063
541,3.133696
542,3.138408
543,3.145275
544,3.154555
545,3.166214
546,3.179927
547,3.195116
548,3.211016
549,3.226764
550,3.241493
551,3.254432
552,3.264982
553,3.272777
554,3.277713
555,3.279942
556,3.279846
557,3.277997
558,3.275077
559,3.27178
560,3.268682
561,3.266141
562,3.264257
563,3.262917
564,3.261886
565,3.260907
566,3.259764
567,3.258342
568,3.256685
569,3.255051
570,3.253888
571,3.253715
572,3.25494
573,3.257703
574,3.261826
575,3.266878
576,3.272334
577,3.277747
578,3.282851
579,3.287533
580,3.291698
581,3.295091
582,3.29717
583,3.297105
584,3.293911
585,3.28669
586,3.274895
587,3.258526
588,3.238149
589,3.214758
590,3.189489
591,3.163338
592,3.136944
593,3.110485
594,3.083695
595,3.055958
596,3.026424
597,2.994138
598,2.958145
599,2.917601
600,2.871879
601,2.82066
602,2.763993
603,2.702331
604,2.636555
605,2.567951
606,2.498142
607,2.428948
608,2.362202
609,2.299566
610,2.242369
611,2.191482
612,2.147263
613,2.109568
614,2.077813
615,2.051047
616,2.028059
617,2.007501
618,1.988068
619,1.968683
620,1.948639
621,1.927663
622,1.905868
623,1.883626
624,1.861414
625,1.839659
626,1.81861
627,1.798263
628,1.778356
629,1.758444
630,1.738026
631,1.716684
632,1.69417
633,1.67045
634,1.645753
635,1.620644
636,1.596122
637,1.573673
638,1.555138
639,1.542382
640,1.536837
641,1.539093
642,1.548738
643,1.564478
644,1.584503
645,1.606934
646,1.630221
647,1.653345
648,1.675802
649,1.697389
650,1.717933
651,1.737101
652,1.754378
653,1.769218
654,1.781277
655,1.790602
656,1.797687
657,1.803374
658,1.808648
659,1.814396
660,1.821211
661,1.829298
662,1.8385
663,1.848428
664,1.858632
665,1.868737
666,1.878468
667,1.887586
668,1.895796
669,1.90271
670,1.907883
671,1.910909
672,1.911522
673,1.909676
674,1.905567
675,1.899629
676,1.892509
677,1.885032
678,1.878143
679,1.872781
680,1.869676
681,1.869145
682,1.870974
683,1.874455
684,1.878586
685,1.882368
686,1.885104
687,1.886617
688,1.887278
689,1.887801
690,1.888909
691,1.890991
692,1.893934
693,1.897155
694,1.899806
695,1.901047
696,1.900304
697,1.897418
698,1.892648
699,1.88656
700,1.87984
701,1.873126
702,1.86688
703,1.861338
704,1.856513
705,1.852273
706,1.848456
707,1.844993
708,1.841985
709,1.839705
710,1.838538
711,1.838914
712,1.841246
713,1.845874
714,1.852971
715,1.862468
716,1.874034
717,1.887163
718,1.901343
719,1.916207
720,1.931604
721,1.947542
722,1.964075
723,1.981202
724,1.998829
725,2.016797
726,2.034906
727,2.052879
728,2.070262
729,2.086349
730,2.10021
731,2.110863
732,2.117531
733,2.119869
734,2.118058
735,2.112736
736,2.104827
737,2.095329
738,2.085124
739,2.074835
740,2.064736
741,2.05473
742,2.044442
743,2.033414
744,2.021328
745,2.008149
746,1.994105
747,1.979533
748,1.964672
749,1.949521
750,1.933832
751,1.917261
752,1.899562
753,1.880727
754,1.860987
755,1.840709
756,1.820252
757,1.799853
758,1.779569
759,1.759292
760,1.738795
761,1.717812
762,1.69612
763,1.673613
764,1.650364
765,1.62665
766,1.602951
767,1.579908
768,1.558281
769,1.538899
770,1.5226
771,1.510125
772,1.502012
773,1.49848
774,1.499355
775,1.504049
776,1.511591
777,1.52074
778,1.530181
779,1.538783
780,1.545865
781,1.551379
782,1.555928
783,1.560579
784,1.566528
785,1.574742
786,1.585729
787,1.599499
788,1.615722
789,1.63394
790,1.653744
791,1.674849
792,1.697099
793,1.720449
794,1.744946
795,1.770676
796,1.797664
797,1.825742
798,1.854454
799,1.883042
800,1.910532
801,1.935869
802,1.958041
803,1.97618
804,1.98965
805,1.998136
806,2.001724
807,2.000919
808,1.996584
809,1.989822
810,1.981821
811,1.973711
812,1.966428
813,1.96062
814,1.956573
815,1.954194
816,1.953018
817,1.952282
818,1.951049
819,1.948393
820,1.943589
821,1.93622
822,1.926192
823,1.913664
824,1.898952
825,1.882471
826,1.86469
827,1.846083
828,1.827053
829,1.80787
830,1.788666
831,1.769506
832,1.750505
833,1.731933
834,1.714235
835,1.697982
836,1.683784
837,1.672195
838,1.663636
839,1.658308
840,1.656112
841,1.656606
842,1.659036
843,1.662454
844,1.665894
845,1.668564
846,1.670016
847,1.670249
848,1.669712
849,1.669173
850,1.66951
851,1.671488
852,1.675654
853,1.682352
854,1.691844
855,1.70441
856,1.720315
857,1.739642
858,1.762063
859,1.786714
860,1.812255
861,1.837114
862,1.859809
863,1.879254
864,1.894957
865,1.907069
866,1.916263
867,1.923501
868,1.929773
869,1.935892
870,1.942379
871,1.949427
872,1.95691
873,1.964404
874,1.971225
875,1.976518
876,1.979431
877,1.979363
878,1.976188
879,1.970367
880,1.962876
881,1.954988
882,1.947947
883,1.942654
884,1.939438
885,1.938009
886,1.937588
887,1.937166
888,1.935771
889,1.932656
890,1.92738
891,1.919802
892,1.910032
893,1.898358
894,1.885177
895,1.870935
896,1.85607
897,1.840953
898,1.82581
899,1.810643
900,1.795214
901,1.779112
902,1.761899
903,1.743238
904,1.722944
905,1.700961
906,1.677283
907,1.651889
908,1.624713
909,1.595668
910,1.564703
911,1.531847
912,1.497252
913,1.461204
914,1.424121
915,1.386504
916,1.348849
917,1.311521
918,1.274683
919,1.2383
920,1.202221
921,1.166293
922,1.130464
923,1.094847
924,1.059746
925,1.025637
926,0.993104
927,0.96273
928,0.934978
929,0.910098
930,0.888102
931,0.868799
932,0.851876
933,0.836978
934,0.823772
935,0.811964
936,0.801286
937,0.791439
938,0.782042
939,0.772613
940,0.76263
941,0.751647
942,0.739403
943,0.725883
944,0.711301
945,0.696051
946,0.680617
947,0.665484
948,0.651072
949,0.637707
950,0.625664
951,0.615235
952,0.606798
953,0.600867
954,0.598075
955,0.599072
956,0.604373
957,0.614189
958,0.628321
959,0.646161
960,0.666803
961,0.689225
962,0.712492
963,0.735935
964,0.759291
965,0.782787
966,0.807137
967,0.833414
968,0.862799
969,0.896268
970,0.934328
971,0.976889
972,1.02332
973,1.072581
974,1.123385
975,1.174311
976,1.223911
977,1.270832
978,1.313982
979,1.352702
980,1.386858
981,1.416787
982,1.443107
983,1.466471
984,1.487394
985,1.506229
986,1.523261
987,1.53884
988,1.553464
989,1.567728
990,1.582155
991,1.596989
992,1.612071
993,1.626894
994,1.640812
995,1.653317
996,1.664253
997,1.673879
998,1.682762
999,1.691542
1000,1.700662
1001,1.710143
1002,1.719503
1003,1.727847
1004,1.734094
1005,1.737282
1006,1.736837
1007,1.732726
1008,1.725415
1009,1.715689
1010,1.704381
1011,1.692156
1012,1.679398
1013,1.666211
1014,1.652491
1015,1.638001
1016,1.622458
1017,1.605625
1018,1.587409
1019,1.567921
1020,1.547478
1021,1.526554
1022,1.505721
1023,1.48562
1024,1.466935
1025,1.450343
1026,1.436412
1027,1.425469
1028,1.417495
1029,1.412101
1030,1.408602
1031,1.406179
1032,1.404067
1033,1.401697
1034,1.398773
1035,1.395279
1036,1.391454
1037,1.387734
1038,1.384652
1039,1.382686
1040,1.382119
1041,1.382969
1042,1.385022
1043,1.387945
1044,1.391403
1045,1.395146
1046,1.399036
1047,1.403063
1048,1.407357
1049,1.41219
1050,1.417934
1051,1.424962
1052,1.433496
1053,1.4435
1054,1.454633
1055,1.466297
1056,1.477742
1057,1.488192
1058,1.496988
1059,1.503718
1060,1.508323
1061,1.511133
1062,1.512813
1063,1.514218
1064,1.516172
1065,1.519271
1066,1.523771
1067,1.529624
1068,1.53662
1069,1.544568
1070,1.553436
1071,1.563378
1072,1.574651
1073,1.587478
1074,1.601902
1075,1.617727
1076,1.634548
1077,1.651852
1078,1.669119
1079,1.685859
1080,1.70159
1081,1.715815
1082,1.728055
1083,1.737968
1084,1.745481
1085,1.750841
1086,1.75454
1087,1.75716
1088,1.759178
1089,1.760824
1090,1.762012
1091,1.762358
1092,1.761272
1093,1.758097
1094,1.752276
1095,1.743477
1096,1.731663
1097,1.71705
1098,1.699982
1099,1.680788
1100,1.659698
1101,1.636881
1102,1.612571
1103,1.587205
1104,1.561469
1105,1.536187
1106,1.512116
1107,1.489716
1108,1.469008
1109,1.449578
1110,1.430742
1111,1.411805
1112,1.392329
1113,1.372339
1114,1.352377
1115,1.333422
1116,1.316665
1117,1.303209
1118,1.293767
1119,1.28843
1120,1.286601
1121,1.287116
1122,1.288523
1123,1.289412
1124,1.288705
1125,1.285819
1126,1.28068
1127,1.273584
1128,1.264996
1129,1.25537
1130,1.245071
1131,1.234425
1132,1.223814
1133,1.213764
1134,1.204921
1135,1.197925
1136,1.193222
1137,1.190888
1138,1.190554
1139,1.191459
1140,1.192647
1141,1.193221
1142,1.192563
1143,1.190432
1144,1.186897
1145,1.182172
1146,1.176447
1147,1.169797
1148,1.1622
1149,1.153634
1150,1.144212
1151,1.134277
1152,1.124433
1153,1.115441
1154,1.108023
1155,1.102643
1156,1.099366
1157,1.097876
1158,1.097628
1159,1.098077
1160,1.098882
1161,1.100023
1162,1.101796
1163,1.104699
1164,1.109254
1165,1.115822
1166,1.124487
1167,1.135055
1168,1.147178
1169,1.160541
1170,1.175038
1171,1.19084
1172,1.208303
1173,1.227746
1174,1.249198
1175,1.272245
1176,1.296074
1177,1.319691
1178,1.342208
1179,1.363051
1180,1.382004
1181,1.399103
1182,1.414492
1183,1.428299
1184,1.44062
1185,1.451556
1186,1.461261
1187,1.469949
1188,1.47786
1189,1.485246
1190,1.492415
1191,1.499806
1192,1.507995
1193,1.517598
1194,1.5291
1195,1.542687
1196,1.558166
1197,1.575
1198,1.592447
1199,1.609775
1200,1.626478
1201,1.64245
1202,1.658037
1203,1.673939
1204,1.690977
1205,1.709791
1206,1.730588
1207,1.753007
1208,1.776174
1209,1.798896
1210,1.81995
1211,1.838352
1212,1.853534
1213,1.865395
1214,1.874244
1215,1.880673
1216,1.885396
1217,1.889079
1218,1.892176
1219,1.894833
1220,1.896874
1221,1.897893
1222,1.897399
1223,1.895016
1224,1.890643
1225,1.884534
1226,1.877279
1227,1.869676
1228,1.862564
1229,1.856626
1230,1.852211
1231,1.849214
1232,1.847049
1233,1.844769
1234,1.841302
1235,1.835742
1236,1.827603
1237,1.816967
1238,1.804472
1239,1.791119
1240,1.777959
1241,1.765746
1242,1.754698
1243,1.744438
1244,1.734134
1245,1.722794
1246,1.709587
1247,1.694065
1248,1.676215
1249,1.656354
1250,1.63495
1251,1.612484
1252,1.589389
1253,1.566104
1254,1.54318
1255,1.521339
1256,1.501455
1257,1.484412
1258,1.470895
1259,1.461171
1260,1.454973
1261,1.451542
1262,1.449829
1263,1.448783
1264,1.447603
1265,1.445861
1266,1.443479
1267,1.44058
1268,1.437335
1269,1.433858
1270,1.430214
1271,1.426495
1272,1.422907
1273,1.419824
1274,1.417774
1275,1.417391
1276,1.419345
1277,1.424263
1278,1.432642
1279,1.444737
1280,1.460464
1281,1.47933
1282,1.500464
1283,1.522731
1284,1.544943
1285,1.566091
1286,1.585531
1287,1.603061
1288,1.618852
1289,1.633278
1290,1.646703
1291,1.659333
1292,1.671176
1293,1.682125
1294,1.692083
1295,1.701044
1296,1.709087
1297,1.716302
1298,1.722728
1299,1.728348
1300,1.733134
1301,1.737088
1302,1.740235
1303,1.742592
1304,1.744144
1305,1.744848
1306,1.744663
1307,1.743553
1308,1.741496
1309,1.738465
1310,1.734427
1311,1.729346
1312,1.723195
1313,1.715974
1314,1.707719
1315,1.698517
1316,1.688498
1317,1.677814
1318,1.666576
1319,1.654786
1320,1.642293
1321,1.628839
1322,1.614181
1323,1.59827
1324,1.581381
1325,1.564145
1326,1.547445
1327,1.532211
1328,1.519174
1329,1.508678
1330,1.500586
1331,1.49434
1332,1.489168
1333,1.48436
1334,1.479503
1335,1.474575
1336,1.469847
1337,1.465661
1338,1.462185
1339,1.459278
1340,1.456494
1341,1.453213
1342,1.448841
1343,1.442992
1344,1.435591
1345,1.426883
1346,1.417337
1347,1.407501
1348,1.39783
1349,1.388561
1350,1.379659
1351,1.370877
1352,1.361899
1353,1.352526
1354,1.342829
1355,1.333186
1356,1.324193
1357,1.316479
1358,1.310502
1359,1.30643
1360,1.304119
1361,1.303192
1362,1.303141
1363,1.303441
1364,1.303635
1365,1.303395
1366,1.302541
1367,1.301033
1368,1.298932
1369,1.296336
1370,1.293301
1371,1.289779
1372,1.285632
1373,1.280723
1374,1.275052
1375,1.268845
1376,1.262525
1377,1.25657
1378,1.251338
1379,1.246939
1380,1.243227
1381,1.239891
1382,1.236572
1383,1.232942
1384,1.228715
1385,1.223635
1386,1.217489
1387,1.210161
1388,1.201702
1389,1.192349
1390,1.182475
1391,1.172481
1392,1.162664
1393,1.153106
1394,1.143598
1395,1.133665
1396,1.122697
1397,1.110166
1398,1.095845
1399,1.079909
1400,1.062869
1401,1.045363
1402,1.027911
1403,1.010757
1404,0.993861
1405,0.977044
1406,0.960185
1407,0.943388
1408,0.927067
1409,0.911911
1410,0.89877
1411,0.888463
1412,0.881572
1413,0.878267
1414,0.878254
1415,0.880857
1416,0.885206
1417,0.890447
1418,0.895876
1419,0.900979
1420,0.905394
1421,0.908883
1422,0.911363
1423,0.913
1424,0.914277
1425,0.915927
1426,0.918708
1427,0.923101
1428,0.929083
1429,0.936107
1430,0.943294
1431,0.94973
1432,0.954738
1433,0.958008
1434,0.959584
1435,0.959752
1436,0.958919
1437,0.957497
1438,0.955829
1439,0.954142
1440,0.952538
1441,0.950996
1442,0.949389
1443,0.947515
1444,0.945135
1445,0.942012
1446,0.93795
1447,0.932813
1448,0.92655
1449,0.919233
1450,0.911083
1451,0.902451
1452,0.893744
1453,0.885303
1454,0.877306
1455,0.869739
1456,0.862462
1457,0.855352
1458,0.848446
1459,0.842035
1460,0.836635
1461,0.832837
1462,0.831091
1463,0.831535
1464,0.833938
1465,0.837783
1466,0.842419
1467,0.847228
1468,0.851715
1469,0.855567
1470,0.858665
1471,0.861089
1472,0.863107
1473,0.86513
1474,0.86765
1475,0.871176
1476,0.876197
1477,0.883179
1478,0.892567
1479,0.904753
1480,0.920013
1481,0.938446
1482,0.959948
1483,0.984218
1484,1.010748
1485,1.038805
1486,1.06745
1487,1.095641
1488,1.122417
1489,1.147081
1490,1.169318
1491,1.189198
1492,1.207084
1493,1.223507
1494,1.239048
1495,1.254247
1496,1.269505
1497,1.285018
1498,1.300737
1499,1.316398
1500,1.331621
1501,1.346069
1502,1.359586
1503,1.372277
1504,1.384474
1505,1.396646
1506,1.409304
1507,1.42293
1508,1.437909
1509,1.454462
1510,1.472575
1511,1.491976
1512,1.512155
1513,1.532462
1514,1.552231
1515,1.570897
1516,1.588069
1517,1.603565
1518,1.617391
1519,1.629703
1520,1.640739
1521,1.650736
1522,1.659859
1523,1.668133
1524,1.675418
1525,1.681419
1526,1.68573
1527,1.687941
1528,1.687742
1529,1.68501
1530,1.679822
1531,1.67241
1532,1.66311
1533,1.652313
1534,1.640424
1535,1.62781
1536,1.614714
1537,1.601174
1538,1.58699
1539,1.571782
1540,1.555095
1541,1.536519
1542,1.515781
1543,1.492825
1544,1.46788
1545,1.441508
1546,1.414585
1547,1.388196
1548,1.363449
1549,1.341226
1550,1.321963
1551,1.305516
1552,1.2912
1553,1.277995
1554,1.264864
1555,1.251058
1556,1.236286
1557,1.220693
1558,1.204662
1559,1.188557
1560,1.172559
1561,1.156652
1562,1.140737
1563,1.124749
1564,1.108689
1565,1.092559
1566,1.076271
1567,1.059586
1568,1.042133
1569,1.023459
1570,1.003125
1571,0.98083
1572,0.956543
1573,0.93059
1574,0.903637
1575,0.876572
1576,0.850316
1577,0.825634
1578,0.803011
1579,0.782627
1580,0.764419
1581,0.74821
1582,0.733839
1583,0.721266
1584,0.710606
1585,0.702097
1586,0.695991
1587,0.692434
1588,0.691392
1589,0.692655
1590,0.695908
1591,0.700844
1592,0.707278
1593,0.715243
1594,0.725041
1595,0.737234
1596,0.752581
1597,0.771908
1598,0.795954
1599,0.825211
1600,0.859798
1601,0.899407
1602,0.943327
1603,0.99052
1604,1.039758
1605,1.089765
1606,1.139386
1607,1.1877
1608,1.234073
1609,1.278114
1610,1.319601
1611,1.358434
1612,1.394667
1613,1.42859
1614,1.460779
1615,1.492026
1616,1.523146
1617,1.554732
1618,1.586982
1619,1.619678
1620,1.652319
1621,1.684332
1622,1.715221
1623,1.744616
1624,1.772211
1625,1.797685
1626,1.820647
1627,1.840673
1628,1.857402
1629,1.870665
1630,1.880535
1631,1.887282
1632,1.891229
1633,1.892613
1634,1.891521
1635,1.887931
1636,1.88181
1637,1.873214
1638,1.86234
1639,1.849508
1640,1.835076
1641,1.819326
1642,1.802355
1643,1.78404
1644,1.764091
1645,1.742165
1646,1.717989
1647,1.691432
1648,1.662519
1649,1.631415
1650,1.59839
1651,1.563817
1652,1.528199
1653,1.492186
1654,1.456578
1655,1.422265
1656,1.390122
1657,1.360884
1658,1.335065
1659,1.312922
1660,1.294446
1661,1.279346
1662,1.267039
1663,1.256661
1664,1.247149
1665,1.237403
1666,1.22652
1667,1.21408
1668,1.20038
1669,1.186514
1670,1.174201
1671,1.16536
1672,1.161573
1673,1.163629
1674,1.171325
1675,1.18356
1676,1.198661
1677,1.214795
1678,1.230338
1679,1.24412
1680,1.255498
1681,1.264288
1682,1.270626
1683,1.274832
1684,1.277307
1685,1.27847
1686,1.278731
1687,1.278478
1688,1.278085
1689,1.277907
1690,1.27825
1691,1.279317
1692,1.281157
1693,1.283677
1694,1.286706
1695,1.290113
1696,1.293903
1697,1.298248
1698,1.30343
1699,1.309765
1700,1.31753
1701,1.326944
1702,1.338136
1703,1.35111
1704,1.365701
1705,1.381571
1706,1.398272
1707,1.415361
1708,1.432513
1709,1.449575
1710,1.466553
1711,1.483553
1712,1.500717
1713,1.518187
1714,1.536136
1715,1.554848
1716,1.574762
1717,1.596436
1718,1.620402
1719,1.646984
1720,1.676153
1721,1.707507
1722,1.740356
1723,1.773875
1724,1.807241
1725,1.839732
1726,1.870783
1727,1.900011
1728,1.927225
1729,1.952374
1730,1.975466
1731,1.996468
1732,2.015239
1733,2.03154
1734,2.045117
1735,2.055834
1736,2.063786
1737,2.069349
1738,2.073135
1739,2.07589
1740,2.078375
1741,2.081269
1742,2.085095
1743,2.09015
1744,2.096419
1745,2.10349
1746,2.110552
1747,2.116498
1748,2.120147
1749,2.120495
1750,2.116904
1751,2.109181
1752,2.097538
1753,2.082476
1754,2.064619
1755,2.044538
1756,2.022625
1757,1.999064
1758,1.973891
1759,1.947087
1760,1.918636
1761,1.888547
1762,1.856829
1763,1.823479
1764,1.788475
1765,1.751806
1766,1.713535
1767,1.673867
1768,1.633204
1769,1.592134
1770,1.551348
1771,1.51149
1772,1.472999
1773,1.435992
1774,1.400266
1775,1.365419
1776,1.331046
1777,1.296912
1778,1.263019
1779,1.229588
1780,1.196966
1781,1.165516
1782,1.135496
1783,1.106968
1784,1.079773
1785,1.05357
1786,1.027945
1787,1.002529
1788,0.977096
1789,0.951599
1790,0.926161
1791,0.901032
1792,0.876537
1793,0.853012
1794,0.830709
1795,0.809709
1796,0.789899
1797,0.771041
1798,0.752909
1799,0.735432
1800,0.718766
1801,0.703293
1802,0.689526
1803,0.677967
1804,0.668961
1805,0.662598
1806,0.658674
1807,0.656707
1808,0.655989
1809,0.65569
1810,0.655059
1811,0.653673
1812,0.651669
1813,0.649817
1814,0.649383
1815,0.651814
1816,0.658313
1817,0.669462
1818,0.684982
1819,0.703746
1820,0.72405
1821,0.744045
1822,0.762186
1823,0.777569
1824,0.79009
1825,0.800407
1826,0.809741
1827,0.819565
1828,0.831258
1829,0.845816
1830,0.863708
1831,0.884892
1832,0.908969
1833,0.935411
1834,0.96375
1835,0.99369
1836,1.025097
1837,1.057922
1838,1.09211
1839,1.127531
1840,1.16395
1841,1.201022
1842,1.238305
1843,1.275278
1844,1.311382
1845,1.346092
1846,1.379022
1847,1.410032
1848,1.43929
1849,1.46726
1850,1.494605
1851,1.522049
1852,1.550214
1853,1.579471
1854,1.609857
1855,1.641075
1856,1.672588
1857,1.703752
1858,1.733929
1859,1.762551
1860,1.789119
1861,1.813188
1862,1.834372
1863,1.852378
1864,1.867076
1865,1.878531
1866,1.887
1867,1.892862
1868,1.896542
1869,1.898436
1870,1.89888
1871,1.898159
1872,1.896531
1873,1.894247
1874,1.891548
1875,1.888631
1876,1.885607
1877,1.882492
1878,1.879219
1879,1.875675
1880,1.871732
1881,1.867276
1882,1.86221
1883,1.856448
1884,1.8499
1885,1.842456
1886,1.833955
1887,1.824153
1888,1.812712
1889,1.79926
1890,1.783514
1891,1.765419
1892,1.745227
1893,1.723475
1894,1.700881
1895,1.67819
1896,1.656053
1897,1.634978
1898,1.61533
1899,1.597337
1900,1.581055
1901,1.56633
1902,1.552833
1903,1.540192
1904,1.528183
1905,1.516836
1906,1.506408
1907,1.497229
1908,1.489537
1909,1.483399
1910,1.478736
1911,1.47541
1912,1.473337
1913,1.472583
1914,1.473389
1915,1.476122
1916,1.481157
1917,1.488733
1918,1.498847
1919,1.511208
1920,1.525286
1921,1.540424
1922,1.555987
1923,1.571482
1924,1.586608
1925,1.601261
1926,1.615492
1927,1.629448
1928,1.643287
1929,1.657087
1930,1.670779
1931,1.684173
1932,1.697042
1933,1.709257
1934,1.720865
1935,1.732071
1936,1.743103
1937,1.75404
1938,1.764723
1939,1.774818
1940,1.784004
1941,1.792166
1942,1.799478
1943,1.806305
1944,1.813004
1945,1.819747
1946,1.826426
1947,1.832706
1948,1.838143
1949,1.84233
1950,1.845015
1951,1.846143
1952,1.845813
1953,1.844175
1954,1.841325
1955,1.837257
1956,1.831913
1957,1.825278
1958,1.817476
1959,1.808809
1960,1.79971
1961,1.790644
1962,1.781992
1963,1.773976
1964,1.76664
1965,1.759872
1966,1.753471
1967,1.747216
1968,1.740939
1969,1.734569
1970,1.728131
1971,1.72169
1972,1.715268
1973,1.708808
1974,1.702193
1975,1.69529
1976,1.688014
1977,1.680379
1978,1.672564
1979,1.664975
1980,1.658233
1981,1.653065
1982,1.650094
1983,1.649591
1984,1.651327
1985,1.654585
1986,1.658332
1987,1.661449
1988,1.662929
1989,1.66202
1990,1.658323
1991,1.651854
1992,1.643041
1993,1.632631
1994,1.6215
1995,1.610406
1996,1.599766
1997,1.589565
1998,1.579415
1999,1.568755
2000,1.557092
2001,1.544201
2002,1.530195
2003,1.515467
2004,1.500528
2005,1.485823
2006,1.471597
2007,1.457839
2008,1.44432
2009,1.430685
2010,1.416565
2011,1.401645
2012,1.385707
2013,1.368645
2014,1.350483
2015,1.331405
2016,1.31176
2017,1.292029
2018,1.272749
2019,1.254428
2020,1.237504
2021,1.222385
2022,1.209538
2023,1.199544
2024,1.193064
2025,1.190707
2026,1.192849
2027,1.19949
2028,1.210227
2029,1.224326
2030,1.240865
2031,1.258881
2032,1.277504
2033,1.296045
2034,1.314019
2035,1.331111
2036,1.347104
2037,1.361836
2038,1.375222
2039,1.387316
2040,1.398366
2041,1.408815
2042,1.41922
2043,1.430129
2044,1.441986
2045,1.455098
2046,1.469676
2047,1.485902
2048,1.503947
2049,1.523916
2050,1.545733
2051,1.569043
2052,1.593203
2053,1.617429
2054,1.641038
2055,1.663675
2056,1.685437
2057,1.706797
2058,1.728401
2059,1.75081
2060,1.774315
2061,1.798876
2062,1.82419
2063,1.84982
2064,1.875323
2065,1.900343
2066,1.924636
2067,1.948074
2068,1.970616
2069,1.992293
2070,2.013187
2071,2.033388
2072,2.052928
2073,2.071699
2074,2.089411
2075,2.105624
2076,2.119841
2077,2.131648
2078,2.140841
2079,2.147494
2080,2.151963
2081,2.154826
2082,2.156785
2083,2.158542
2084,2.160677
2085,2.163556
2086,2.167292
2087,2.171779
2088,2.176798
2089,2.182158
2090,2.187797
2091,2.193804
2092,2.200335
2093,2.207459
2094,2.215011
2095,2.222528
2096,2.229292
2097,2.234484
2098,2.23739
2099,2.237573
2100,2.234947
2101,2.229704
2102,2.222157
2103,2.21257
2104,2.201063
2105,2.187629
2106,2.172228
2107,2.154902
2108,2.13583
2109,2.115296
2110,2.09361
2111,2.071057
2112,2.047904
2113,2.024437
2114,2.001005
2115,1.978032
2116,1.956002
2117,1.935401
2118,1.916626
2119,1.899871
2120,1.885057
2121,1.871831
2122,1.859664
2123,1.847999
2124,1.836415
2125,1.824722
2126,1.812964
2127,1.801301
2128,1.789824
2129,1.778377
2130,1.766485
2131,1.753438
2132,1.738494
2133,1.721131
2134,1.701229
2135,1.67909
2136,1.655294
2137,1.63048
2138,1.605144
2139,1.57956
2140,1.553799
2141,1.527784
2142,1.501323
2143,1.474109
2144,1.445729
2145,1.415723
2146,1.383704
2147,1.349523
2148,1.313421
2149,1.276134
2150,1.238855
2151,1.20305
2152,1.170142
2153,1.141184
2154,1.116636
2155,1.096341
2156,1.079698
2157,1.065961
2158,1.054557
2159,1.045287
2160,1.038371
2161,1.034317
2162,1.033716
2163,1.037019
2164,1.044375
2165,1.055538
2166,1.069876
2167,1.086456
2168,1.104202
2169,1.122068
2170,1.139199
2171,1.155037
2172,1.169366
2173,1.182298
2174,1.194187
2175,1.205501
2176,1.216663
2177,1.227928
2178,1.239332
2179,1.250739
2180,1.261978
2181,1.273004
2182,1.284006
2183,1.295391
2184,1.307646
2185,1.32115
2186,1.336027
2187,1.352078
2188,1.36883
2189,1.385641
2190,1.401838
2191,1.416815
2192,1.430103
2193,1.441384
2194,1.45048
2195,1.457316
2196,1.461887
2197,1.46427
2198,1.464647
2199,1.463289
2200,1.460469
2201,1.456359
2202,1.450978
2203,1.444236
2204,1.436046
2205,1.426443
2206,1.415612
2207,1.403807
2208,1.391194
2209,1.377723
2210,1.363113
2211,1.346978
2212,1.32901
2213,1.309154
2214,1.287685
2215,1.265204
2216,1.242538
2217,1.220628
2218,1.200392
2219,1.182602
2220,1.167776
2221,1.156075
2222,1.147266
2223,1.140762
2224,1.135771
2225,1.131531
2226,1.127569
2227,1.123887
2228,1.120995
2229,1.119754
2230,1.121073
2231,1.125571
2232,1.133313
2233,1.143729
2234,1.155745
2235,1.168064
2236,1.179489
2237,1.189175
2238,1.19677
2239,1.20246
2240,1.206918
2241,1.21117
2242,1.216371
2243,1.22352
2244,1.233202
2245,1.245438
2246,1.259663
2247,1.274866
2248,1.289806
2249,1.30329
2250,1.314436
2251,1.322852
2252,1.328696
2253,1.332595
2254,1.33548
2255,1.338379
2256,1.342243
2257,1.347799
2258,1.355441
2259,1.365198
2260,1.376763
2261,1.389611
2262,1.403148
2263,1.416871
2264,1.430466
2265,1.44385
2266,1.457126
2267,1.470506
2268,1.484213
2269,1.498393
2270,1.513076
2271,1.52818
2272,1.543582
2273,1.559204
2274,1.57507
2275,1.591324
2276,1.608219
2277,1.626119
2278,1.645509
2279,1.666947
2280,1.69091
2281,1.717555
2282,1.746532
2283,1.776981
2284,1.807753
2285,1.837761
2286,1.866303
2287,1.893225
2288,1.918848
2289,1.943731
2290,1.968355
2291,1.992882
2292,2.017082
2293,2.040401
2294,2.062136
2295,2.081606
2296,2.098275
2297,2.111817
2298,2.122135
2299,2.129328
2300,2.133627
2301,2.135328
2302,2.13476
2303,2.132266
2304,2.12822
2305,2.123047
2306,2.117219
2307,2.111213
2308,2.105396
2309,2.099885
2310,2.094448
2311,2.088505
2312,2.081264
2313,2.071945
2314,2.06
2315,2.045254
2316,2.027943
2317,2.008655
2318,1.988216
2319,1.967556
2320,1.947595
2321,1.929155
2322,1.912923
2323,1.899412
2324,1.888919
2325,1.881455
2326,1.8767
2327,1.874003
2328,1.872468
2329,1.8711
2330,1.868987
2331,1.865453
2332,1.860145
2333,1.853033
2334,1.84432
2335,1.834308
2336,1.823258
2337,1.811305
2338,1.79846
2339,1.784655
2340,1.76981
2341,1.753849
2342,1.736696
2343,1.718272
2344,1.69851
2345,1.677386
2346,1.654933
2347,1.631221
2348,1.606302
2349,1.580145
2350,1.552601
2351,1.52342
2352,1.492333
2353,1.459188
2354,1.424089
2355,1.387511
2356,1.350314
2357,1.313624
2358,1.27861
2359,1.246249
2360,1.217197
2361,1.191833
2362,1.170402
2363,1.153156
2364,1.140393
2365,1.132364
2366,1.12909
2367,1.130229
2368,1.135061
2369,1.142639
2370,1.152027
2371,1.162496
2372,1.173596
2373,1.185112
2374,1.196983
2375,1.20924
2376,1.221974
2377,1.2353
2378,1.249291
2379,1.263905
2380,1.278955
2381,1.294173
2382,1.309349
2383,1.324494
2384,1.339937
2385,1.356319
2386,1.374459
2387,1.39514
2388,1.418894
2389,1.445869
2390,1.475826
2391,1.508239
2392,1.542434
2393,1.577688
2394,1.613291
2395,1.648591
2396,1.68306
2397,1.716365
2398,1.748409
2399,1.779288
2400,1.809172
2401,1.838165
2402,1.866206
2403,1.893047
2404,1.918328
2405,1.941711
2406,1.963018
2407,1.982317
2408,1.999939
2409,2.016415
2410,2.032369
2411,2.048359
2412,2.064728
2413,2.081516
2414,2.098483
2415,2.115237
2416,2.131403
2417,2.14676
2418,2.161278
2419,2.175059
2420,2.188204
2421,2.200693
2422,2.212297
2423,2.222587
2424,2.231017
2425,2.237047
2426,2.240279
2427,2.240566
2428,2.238068
2429,2.233205
2430,2.226501
2431,2.218374
2432,2.208984
2433,2.198218
2434,2.185818
2435,2.171561
2436,2.155411
2437,2.137562
2438,2.11836
2439,2.098142
2440,2.077053
2441,2.05494
2442,2.031379
2443,2.005806
2444,1.9777
2445,1.946737
2446,1.912867
2447,1.876317
2448,1.837534
2449,1.797111
2450,1.755726
2451,1.714097
2452,1.672953
2453,1.632973
2454,1.594689
2455,1.558378
2456,1.524033
2457,1.491442
2458,1.460357
2459,1.430652
2460,1.402408
2461,1.375871
2462,1.351301
2463,1.328787
2464,1.308128
2465,1.288856
2466,1.270383
2467,1.252195
2468,1.233984
2469,1.215672
2470,1.197343
2471,1.17914
2472,1.161194
2473,1.143607
2474,1.126495
2475,1.110046
2476,1.094576
2477,1.080535
2478,1.068458
2479,1.058832
2480,1.051937
2481,1.04773
2482,1.045848
2483,1.045743
2484,1.046934
2485,1.049277
2486,1.053132
2487,1.059346
2488,1.069009
2489,1.083097
2490,1.10213
2491,1.126013
2492,1.154109
2493,1.185477
2494,1.219146
2495,1.254297
2496,1.290288
2497,1.326562
2498,1.362524
2499,1.397474
2500,1.430641
2501,1.461305
2502,1.488943
2503,1.513337
2504,1.534603
2505,1.553128
2506,1.569468
2507,1.58424
2508,1.598067
2509,1.611572
2510,1.625404
2511,1.640236
2512,1.656701
2513,1.675257
2514,1.696033
2515,1.718736
2516,1.742665
2517,1.766841
2518,1.790202
2519,1.811756
2520,1.830671
2521,1.846308
2522,1.858215
2523,1.866124
2524,1.869958
2525,1.869833
2526,1.866056
2527,1.859067
2528,1.849353
2529,1.837347
2530,1.823376
2531,1.807671
2532,1.790428
2533,1.771834
2534,1.752054
2535,1.731147
2536,1.709001
2537,1.685341
2538,1.659817
2539,1.632119
2540,1.602054
2541,1.56955
2542,1.534619
2543,1.497323
2544,1.457784
2545,1.416217
2546,1.372963
2547,1.328498
2548,1.283415
2549,1.238392
2550,1.194134
2551,1.151314
2552,1.110499
2553,1.0721
2554,1.036354
2555,1.003351
2556,0.973076
2557,0.945458
2558,0.920409
2559,0.897872
2560,0.877875
2561,0.86058
2562,0.846264
2563,0.835204
2564,0.827488
2565,0.822827
2566,0.820482
2567,0.819344
2568,0.818136
2569,0.81566
2570,0.810994
2571,0.803601
2572,0.793357
2573,0.780537
2574,0.765751
2575,0.749861
2576,0.733853
2577,0.718677
2578,0.705084
2579,0.693498
2580,0.683975
2581,0.67627
2582,0.670008
2583,0.664896
2584,0.660886
2585,0.658194
2586,0.657172
2587,0.658107
2588,0.66105
2589,0.665764
2590,0.671816
2591,0.678738
2592,0.68618
2593,0.693975
2594,0.702094
2595,0.710501
2596,0.718991
2597,0.727106
2598,0.734177
2599,0.739506
2600,0.742585
2601,0.74327
2602,0.741827
2603,0.738839
2604,0.73501
2605,0.730957
2606,0.727051
2607,0.723361
2608,0.71972
2609,0.715855
2610,0.711533
2611,0.706658
2612,0.701312
2613,0.695722
2614,0.69016
2615,0.684814
2616,0.67968
2617,0.674543
2618,0.669066
2619,0.662941
2620,0.656035
2621,0.648451
2622,0.640487
2623,0.632509
2624,0.624819
2625,0.617585
2626,0.610873
2627,0.60474
2628,0.59935
2629,0.595021
2630,0.592178
2631,0.59123
2632,0.592422
2633,0.595724
2634,0.600802
2635,0.607067
2636,0.613811
2637,0.620387
2638,0.626382
2639,0.631706
2640,0.636567
2641,0.641342
2642,0.64642
2643,0.652075
2644,0.658395
2645,0.665273
2646,0.672469
2647,0.679717
2648,0.686845
2649,0.693864
2650,0.700979
2651,0.708546
2652,0.716986
2653,0.726706
2654,0.738049
2655,0.751269
2656,0.766518
2657,0.783822
2658,0.803042
2659,0.82381
2660,0.845516
2661,0.867345
2662,0.888402
2663,0.907882
2664,0.925245
2665,0.940358
2666,0.953561
2667,0.965613
2668,0.977546
2669,0.990443
2670,1.005229
2671,1.022497
2672,1.042421
2673,1.064756
2674,1.088932
2675,1.114237
2676,1.140021
2677,1.165883
2678,1.191764
2679,1.217947
2680,1.244939
2681,1.273292
2682,1.303405
2683,1.33535
2684,1.368779
2685,1.402911
2686,1.436644
2687,1.468782
2688,1.498338
2689,1.524805
2690,1.54828
2691,1.569368
2692,1.588899
2693,1.607579
2694,1.625705
2695,1.643062
2696,1.65901
2697,1.672714
2698,1.683423
2699,1.690698
2700,1.694525
2701,1.695295
2702,1.69367
2703,1.690385
2704,1.686048
2705,1.680994
2706,1.67522
2707,1.668418
2708,1.660094
2709,1.649732
2710,1.636986
2711,1.621812
2712,1.604503
2713,1.585601
2714,1.565745
2715,1.545504
2716,1.525265
2717,1.505171
2718,1.485114
2719,1.464794
2720,1.443845
2721,1.421989
2722,1.399169
2723,1.375574
2724,1.351565
2725,1.327537
2726,1.30381
2727,1.280569
2728,1.257857
2729,1.235589
2730,1.213594
2731,1.191677
2732,1.169689
2733,1.147558
2734,1.125294
2735,1.102961
2736,1.080638
2737,1.058399
2738,1.036342
2739,1.01465
2740,0.993658
2741,0.97385
2742,0.955763
2743,0.939818
2744,0.926174
2745,0.914652
2746,0.904776
2747,0.895882
2748,0.887269
2749,0.878364
2750,0.868852
2751,0.858731
2752,0.848265
2753,0.837863
2754,0.827944
2755,0.818846
2756,0.81079
2757,0.803905
2758,0.798284
2759,0.794029
2760,0.791264
2761,0.790114
2762,0.79067
2763,0.792939
2764,0.796805
2765,0.801994
2766,0.808086
2767,0.814621
2768,0.821269
2769,0.828027
2770,0.835279
2771,0.843671
2772,0.853805
2773,0.865909
2774,0.87965
2775,0.894183
2776,0.908423
2777,0.921407
2778,0.932603
2779,0.942062
2780,0.950397
2781,0.958639
2782,0.968002
2783,0.979648
2784,0.994462
2785,1.012898
2786,1.034914
2787,1.059989
2788,1.087216
2789,1.115421
2790,1.143324
2791,1.169718
2792,1.193643
2793,1.214523
2794,1.232195
2795,1.246828
2796,1.258765
2797,1.268351
2798,1.275817
2799,1.281258
2800,1.284694
2801,1.286158
2802,1.285747
2803,1.28365
2804,1.280145
2805,1.275564
2806,1.27025
2807,1.264478
2808,1.258384
2809,1.251939
2810,1.244979
2811,1.2373
2812,1.228751
2813,1.219304
2814,1.209062
2815,1.19819
2816,1.186829
2817,1.175001
2818,1.162581
2819,1.149328
2820,1.13499
2821,1.119426
2822,1.102686
2823,1.085011
2824,1.066758
2825,1.048295
2826,1.029904
2827,1.011724
2828,0.993736
2829,0.975809
2830,0.957788
2831,0.939595
2832,0.921304
2833,0.90316
2834,0.885554
2835,0.868965
2836,0.853881
2837,0.840709
2838,0.829651
2839,0.8206
2840,0.813105
2841,0.806469
2842,0.79996
2843,0.793047
2844,0.785544
2845,0.777593
2846,0.769512
2847,0.761642
2848,0.754297
2849,0.747859
2850,0.74292
2851,0.740336
2852,0.741084
2853,0.745952
2854,0.755184
2855,0.768257
2856,0.783914
2857,0.800457
2858,0.8162
2859,0.829909
2860,0.841092
2861,0.850072
2862,0.857833
2863,0.865699
2864,0.874962
2865,0.88653
2866,0.900703
2867,0.917114
2868,0.934823
2869,0.952547
2870,0.968962
2871,0.982996
2872,0.994049
2873,1.002087
2874,1.007614
2875,1.011546
2876,1.015049
2877,1.019363
2878,1.025631
2879,1.034747
2880,1.047244
2881,1.063214
2882,1.082289
2883,1.103688
2884,1.12634
2885,1.149095
2886,1.170952
2887,1.191283
2888,1.209962
2889,1.227364
2890,1.244223
2891,1.261368
2892,1.279446
2893,1.29872
2894,1.319032
2895,1.339905
2896,1.360733
2897,1.380929
2898,1.400005
2899,1.417576
2900,1.433352
2901,1.447168
2902,1.459027
2903,1.469102
2904,1.47767
2905,1.48498
2906,1.491156
2907,1.496173
2908,1.499924
2909,1.502312
2910,1.503315
2911,1.502997
2912,1.501498
2913,1.499024
2914,1.495841
2915,1.492228
2916,1.48841
2917,1.484486
2918,1.480379
2919,1.475833
2920,1.470472
2921,1.463879
2922,1.455673
2923,1.445539
2924,1.43322
2925,1.418542
2926,1.401493
2927,1.38231
2928,1.361497
2929,1.339722
2930,1.317626
2931,1.29564
2932,1.273907
2933,1.252327
2934,1.230683
2935,1.208763
2936,1.186428
2937,1.163614
2938,1.140309
2939,1.116545
2940,1.092433
2941,1.068201
2942,1.044199
2943,1.020845
2944,0.998491
2945,0.977281
2946,0.957069
2947,0.937456
2948,0.917951
2949,0.898178
2950,0.878021
2951,0.857659
2952,0.83747
2953,0.817885
2954,0.79926
2955,0.781799
2956,0.765518
2957,0.750262
2958,0.735761
2959,0.721748
2960,0.708107
2961,0.69495
2962,0.682567
2963,0.671263
2964,0.661175
2965,0.652171
2966,0.643895
2967,0.635907
2968,0.627858
2969,0.619606
2970,0.611229
2971,0.602943
2972,0.594981
2973,0.587501
2974,0.580545
2975,0.574053
2976,0.567897
2977,0.561934
2978,0.556042
2979,0.550151
2980,0.544235
2981,0.538291
2982,0.532333
2983,0.526425
2984,0.520781
2985,0.515851
2986,0.512354
2987,0.511162
2988,0.513076
2989,0.518573
2990,0.527642
2991,0.539775
2992,0.554114
2993,0.56971
2994,0.585806
2995,0.60205
2996,0.618554
2997,0.635784
2998,0.654349
2999,0.67479
3000,0.697441
3001,0.722399
3002,0.749572
3003,0.778743
3004,0.809615
3005,0.8418
3006,0.874808
3007,0.908056
3008,0.940942
3009,0.972976
3010,1.003925
3011,1.03391
3012,1.063386
3013,1.092992
3014,1.123321
3015,1.154704
3016,1.18712
3017,1.220248
3018,1.253632
3019,1.286867
3020,1.319703
3021,1.352013
3022,1.383661
3023,1.414354
3024,1.443575
3025,1.470639
3026,1.49483
3027,1.515578
3028,1.532564
3029,1.545715
3030,1.555101
3031,1.560798
3032,1.562805
3033,1.561039
3034,1.555421
3035,1.546003
3036,1.533075
3037,1.517179
3038,1.499017
3039,1.479273
3040,1.45843
3041,1.436644
3042,1.413719
3043,1.389168
3044,1.362367
3045,1.332746
3046,1.299967
3047,1.264039
3048,1.22532
3049,1.184423
3050,1.142079
3051,1.098995
3052,1.055755
3053,1.012762
3054,0.97022
3055,0.928154
3056,0.886469
3057,0.845033
3058,0.803763
3059,0.762712
3060,0.722109
3061,0.682364
3062,0.644019
3063,0.607645
3064,0.573736
3065,0.542621
3066,0.514427
3067,0.489089
3068,0.46636
3069,0.445842
3070,0.427015
3071,0.409293
3072,0.392107
3073,0.374994
3074,0.357668
3075,0.340055
3076,0.322282
3077,0.304633
3078,0.287474
3079,0.271163
3080,0.255957
3081,0.241934
3082,0.228982
3083,0.21689
3084,0.205493
3085,0.194835
3086,0.185281
3087,0.177544
3088,0.172611
3089,0.171576
3090,0.17543
3091,0.184865
3092,0.200117
3093,0.220884
3094,0.246302
3095,0.274981
3096,0.305121
3097,0.334712
3098,0.36181
3099,0.384858
3100,0.402978
3101,0.416117
3102,0.424981
3103,0.430758
3104,0.434733
3105,0.437931
3106,0.44089
3107,0.443625
3108,0.445755
3109,0.446723
3110,0.446035
3111,0.443468
3112,0.439189
3113,0.433749
3114,0.427931
3115,0.422507
3116,0.417984
3117,0.414463
3118,0.411665
3119,0.40908
3120,0.406191
3121,0.402696
3122,0.398674
3123,0.394653
3124,0.391541
3125,0.390398
3126,0.392126
3127,0.397183
3128,0.405458
3129,0.416337
3130,0.428907
3131,0.442219
3132,0.455511
3133,0.468369
3134,0.480795
3135,0.493183
3136,0.50619
3137,0.520551
3138,0.536897
3139,0.555623
3140,0.576833
3141,0.600354
3142,0.625795
3143,0.652622
3144,0.680226
3145,0.708007
3146,0.735456
3147,0.762219
3148,0.788115
3149,0.813106
3150,0.837243
3151,0.860611
3152,0.88329
3153,0.905338
3154,0.926775
3155,0.947575
3156,0.967668
3157,0.986957
3158,1.005341
3159,1.022724
3160,1.038994
3161,1.053974
3162,1.06741
3163,1.079007
3164,1.088508
3165,1.095765
3166,1.100763
3167,1.103612
3168,1.104489
3169,1.103563
3170,1.100927
3171,1.09654
3172,1.090217
3173,1.081656
3174,1.070519
3175,1.056538
3176,1.039626
3177,1.019933
3178,0.997818
3179,0.973757
3180,0.948207
3181,0.921506
3182,0.893823
3183,0.865164
3184,0.835422
3185,0.804461
3186,0.772212
3187,0.738778
3188,0.70451
3189,0.670017
3190,0.636091
3191,0.603595
3192,0.573341
3193,0.546013
3194,0.522124
3195,0.502019
3196,0.485922
3197,0.473994
3198,0.466408
3199,0.463381
3200,0.465145
3201,0.471855
3202,0.483445
3203,0.499518
3204,0.519341
3205,0.541959
3206,0.566373
3207,0.59167
3208,0.617089
3209,0.642039
3210,0.666144
3211,0.689333
3212,0.711915
3213,0.73457
3214,0.758209
3215,0.783716
3216,0.811677
3217,0.842185
3218,0.874795
3219,0.908628
3220,0.942586
3221,0.975614
3222,1.006962
3223,1.036361
3224,1.064067
3225,1.090741
3226,1.117222
3227,1.144268
3228,1.172355
3229,1.201586
3230,1.231724
3231,1.262285
3232,1.292664
3233,1.32224
3234,1.350466
3235,1.376947
3236,1.401515
3237,1.424262
3238,1.445524
3239,1.465796
3240,1.485634
3241,1.505581
3242,1.52612
3243,1.547669
3244,1.570568
3245,1.595036
3246,1.621089
3247,1.648441
3248,1.676474
3249,1.704282
3250,1.730818
3251,1.755106
3252,1.776465
3253,1.794692
3254,1.81013
3255,1.823584
3256,1.836093
3257,1.848631
3258,1.861866
3259,1.876044
3260,1.891028
3261,1.906427
3262,1.92174
3263,1.93645
3264,1.950077
3265,1.962221
3266,1.972607
3267,1.981109
3268,1.987722
3269,1.992459
3270,1.995275
3271,1.996038
3272,1.994618
3273,1.991003
3274,1.985383
3275,1.978118
3276,1.969598
3277,1.96005
3278,1.949395
3279,1.9372
3280,1.922748
3281,1.905194
3282,1.883773
3283,1.858019
3284,1.827905
3285,1.793841
3286,1.756511
3287,1.71662
3288,1.674665
3289,1.630804
3290,1.584877
3291,1.536564
3292,1.485636
3293,1.432194
3294,1.376784
3295,1.320337
3296,1.263984
3297,1.20885
3298,1.155959
3299,1.106223
3300,1.060456
3301,1.019331
3302,0.983265
3303,0.952289
3304,0.925964
3305,0.903425
3306,0.883536
3307,0.865115
3308,0.847124
3309,0.828793
3310,0.809661
3311,0.7896
3312,0.768813
3313,0.747797
3314,0.727239
3315,0.707852
3316,0.690216
3317,0.67469
3318,0.661435
3319,0.650515
3320,0.64201
3321,0.636086
3322,0.632976
3323,0.632934
3324,0.636188
3325,0.642925
3326,0.653291
3327,0.667377
3328,0.685188
3329,0.706611
3330,0.731385
3331,0.759081
3332,0.789104
3333,0.820722
3334,0.85311
3335,0.885387
3336,0.916646
3337,0.945979
3338,0.972545
3339,0.995668
3340,1.014959
3341,1.0304
3342,1.042357
3343,1.051526
3344,1.058831
3345,1.065326
3346,1.072081
3347,1.080066
3348,1.090021
3349,1.102319
3350,1.116877
3351,1.133137
3352,1.150171
3353,1.166895
3354,1.182344
3355,1.195906
3356,1.207458
3357,1.217356
3358,1.226316
3359,1.235197
3360,1.244757
3361,1.255395
3362,1.266988
3363,1.278851
3364,1.289884
3365,1.298852
3366,1.304718
3367,1.306911
3368,1.305453
3369,1.300895
3370,1.294079
3371,1.285844
3372,1.27678
3373,1.267113
3374,1.256728
3375,1.245284
3376,1.232377
3377,1.217709
3378,1.201256
3379,1.18342
3380,1.165148
3381,1.147944
3382,1.133713
3383,1.124412
3384,1.121598
3385,1.126008
3386,1.137335
3387,1.154294
3388,1.174971
3389,1.197308
3390,1.219565
3391,1.2406
3392,1.259898
3393,1.277424
3394,1.293409
3395,1.308184
3396,1.322122
3397,1.335664
3398,1.349366
3399,1.36389
3400,1.379918
3401,1.398021
3402,1.418543
3403,1.441545
3404,1.466852
3405,1.494141
3406,1.523063
3407,1.553317
3408,1.584668
3409,1.616901
3410,1.649734
3411,1.682757
3412,1.715409
3413,1.747022
3414,1.776889
3415,1.804326
3416,1.828722
3417,1.849586
3418,1.866615
3419,1.879756
3420,1.889244
3421,1.895567
3422,1.899383
3423,1.901377
3424,1.90211
3425,1.901854
3426,1.900473
3427,1.89742
3428,1.891876
3429,1.883005
3430,1.870242
3431,1.853492
3432,1.833189
3433,1.810223
3434,1.785779
3435,1.761181
3436,1.737753
3437,1.716731
3438,1.699186
3439,1.685929
3440,1.677408
3441,1.673602
3442,1.673997
3443,1.677657
3444,1.683435
3445,1.690273
3446,1.697504
3447,1.705032
3448,1.713304
3449,1.723078
3450,1.735067
3451,1.749593
3452,1.766353
3453,1.784387
3454,1.802252
3455,1.818325
3456,1.831151
3457,1.839696
3458,1.843488
3459,1.842607
3460,1.837596
3461,1.82934
3462,1.81893
3463,1.807547
3464,1.79636
3465,1.786431
3466,1.778599
3467,1.773332
3468,1.770619
3469,1.769966
3470,1.770575
3471,1.771625
3472,1.77257
3473,1.773297
3474,1.774104
3475,1.775524
3476,1.778088
3477,1.782127
3478,1.787662
3479,1.794409
3480,1.801893
3481,1.809616
3482,1.817215
3483,1.824548
3484,1.831674
3485,1.83873
3486,1.845792
3487,1.852747
3488,1.859265
3489,1.864863
3490,1.86908
3491,1.871686
3492,1.872888
3493,1.873443
3494,1.874588
3495,1.877759
3496,1.884172
3497,1.894433
3498,1.908379
3499,1.925233
3500,1.943999
3501,1.963918
3502,1.984781
3503,2.006981
3504,2.031295
3505,2.058528
3506,2.089153
3507,2.123097
3508,2.159698
3509,2.197853
3510,2.236278
3511,2.273806
3512,2.309606
3513,2.343279
3514,2.374809
3515,2.404416
3516,2.432365
3517,2.458794
3518,2.483603
3519,2.506423
3520,2.526648
3521,2.543536
3522,2.556349
3523,2.564511
3524,2.567744
3525,2.566123
3526,2.560057
3527,2.550182
3528,2.537224
3529,2.521871
3530,2.504692
3531,2.486106
3532,2.466368
3533,2.445559
3534,2.423593
3535,2.400264
3536,2.375353
3537,2.348749
3538,2.320509
3539,2.290815
3540,2.259846
3541,2.227644
3542,2.19408
3543,2.158921
3544,2.121985
3545,2.083288
3546,2.043111
3547,2.001963
3548,1.960447
3549,1.919087
3550,1.878168
3551,1.837652
3552,1.797234
3553,1.756515
3554,1.715259
3555,1.673631
3556,1.632352
3557,1.592733
3558,1.556563
3559,1.525839
3560,1.502361
3561,1.487328
3562,1.481055
3563,1.482923
3564,1.491558
3565,1.505172
3566,1.521916
3567,1.540172
3568,1.558697
3569,1.57665
3570,1.593534
3571,1.609113
3572,1.623386
3573,1.636584
3574,1.649173
3575,1.661781
3576,1.675048
3577,1.689446
3578,1.705159
3579,1.72207
3580,1.739862
3581,1.75817
3582,1.776715
3583,1.795384
3584,1.814229
3585,1.833429
3586,1.85323
3587,1.87388
3588,1.895528
3589,1.918125
3590,1.941341
3591,1.96457
3592,1.987027
3593,2.007928
3594,2.026707
3595,2.043194
3596,2.057668
3597,2.070759
3598,2.083229
3599,2.095739
3600,2.108691
3601,2.122208
3602,2.136222
3603,2.150612
3604,2.165316
3605,2.180357
3606,2.195802
3607,2.211678
3608,2.227906
3609,2.244269
3610,2.260414
3611,2.275902
3612,2.290289
3613,2.30322
3614,2.314478
3615,2.323991
3616,2.331813
3617,2.338092
3618,2.343041
3619,2.346886
3620,2.349804
3621,2.351844
3622,2.352886
3623,2.352641
3624,2.350729
3625,2.34679
3626,2.340585
3627,2.332064
3628,2.321399
3629,2.308984
3630,2.295382
3631,2.281249
3632,2.267213
3633,2.253746
3634,2.241047
3635,2.228985
3636,2.217158
3637,2.205033
3638,2.192134
3639,2.178189
3640,2.163178
3641,2.147274
3642,2.130701
3643,2.113601
3644,2.095962
3645,2.077618
3646,2.058301
3647,2.03774
3648,2.01577
3649,1.992427
3650,1.967968
3651,1.942801
3652,1.917344
3653,1.891872
3654,1.866464
3655,1.841076
3656,1.815748
3657,1.790831
3658,1.76714
3659,1.745904
3660,1.728519
3661,1.716143
3662,1.709307
3663,1.707728
3664,1.710422
3665,1.716083
3666,1.723569
3667,1.732287
3668,1.742321
3669,1.75429
3670,1.769024
3671,1.787218
3672,1.809233
3673,1.835086
3674,1.864561
3675,1.8973
3676,1.932803
3677,1.970366
3678,2.009035
3679,2.047655
3680,2.085027
3681,2.120133
3682,2.152351
3683,2.181557
3684,2.208081
3685,2.232509
3686,2.255422
3687,2.277165
3688,2.297732
3689,2.316822
3690,2.334036
3691,2.349144
3692,2.362286
3693,2.37401
3694,2.385123
3695,2.39642
3696,2.408401
3697,2.421099
3698,2.434085
3699,2.446606
3700,2.457814
3701,2.466974
3702,2.473611
3703,2.477558
3704,2.478926
3705,2.478042
3706,2.475415
3707,2.471718
3708,2.467746
3709,2.464303
3710,2.462039
3711,2.461296
3712,2.462028
3713,2.463812
3714,2.465938
3715,2.467568
3716,2.467912
3717,2.466377
3718,2.462648
3719,2.456677
3720,2.448613
3721,2.438714
3722,2.42726
3723,2.414493
3724,2.400561
3725,2.385504
3726,2.36928
3727,2.351816
3728,2.333035
3729,2.312845
3730,2.291098
3731,2.267566
3732,2.241936
3733,2.213849
3734,2.182993
3735,2.149221
3736,2.112656
3737,2.073714
3738,2.033049
3739,1.99145
3740,1.949758
3741,1.908802
3742,1.869337
3743,1.831985
3744,1.797186
3745,1.765201
3746,1.736166
3747,1.710178
3748,1.687365
3749,1.667927
3750,1.652137
3751,1.640311
3752,1.632736
3753,1.629584
3754,1.630817
3755,1.636112
3756,1.64483
3757,1.656006
3758,1.668395
3759,1.680553
3760,1.690968
3761,1.698249
3762,1.701343
3763,1.699747
3764,1.693631
3765,1.683819
3766,1.671617
3767,1.658528
3768,1.645977
3769,1.63507
3770,1.626448
3771,1.620207
3772,1.615922
3773,1.612786
3774,1.609854
3775,1.606317
3776,1.601701
3777,1.595961
3778,1.589469
3779,1.582931
3780,1.577253
3781,1.573353
3782,1.571971
3783,1.573477
3784,1.577757
3785,1.584214
3786,1.591884
3787,1.599664
3788,1.606552
3789,1.611819
3790,1.615064
3791,1.61617
3792,1.615218
3793,1.612434
3794,1.60816
3795,1.602855
3796,1.597073
3797,1.591427
3798,1.586531
3799,1.582969
3800,1.581258
3801,1.581823
3802,1.584957
3803,1.590797
3804,1.599341
3805,1.610541
3806,1.62441
3807,1.641109
3808,1.660946
3809,1.684286
3810,1.711394
3811,1.742262
3812,1.776483
3813,1.813239
3814,1.851415
3815,1.889809
3816,1.927357
3817,1.963289
3818,1.997195
3819,2.029014
3820,2.058947
3821,2.087311
3822,2.114369
3823,2.140202
3824,2.164648
3825,2.187324
3826,2.207725
3827,2.225367
3828,2.239941
3829,2.251416
3830,2.260058
3831,2.266333
3832,2.27075
3833,2.273687
3834,2.275286
3835,2.27544
3836,2.273864
3837,2.270211
3838,2.264183
3839,2.255627
3840,2.244592
3841,2.231341
3842,2.216294
3843,2.199935
3844,2.182698
3845,2.164889
3846,2.146648
3847,2.127965
3848,2.108718
3849,2.088707
3850,2.067651
3851,2.045191
3852,2.020931
3853,1.994553
3854,1.965982
3855,1.935521
3856,1.903898
3857,1.872163
3858,1.841476
3859,1.812871
3860,1.787077
3861,1.764442
3862,1.744948
3863,1.728294
3864,1.714001
3865,1.701522
3866,1.690342
3867,1.680042
3868,1.67032
3869,1.660973
3870,1.651864
3871,1.642892
3872,1.633984
3873,1.625088
3874,1.616133
3875,1.606965
3876,1.597301
3877,1.586742
3878,1.574884
3879,1.561491
3880,1.546624
3881,1.530691
3882,1.514386
3883,1.498567
3884,1.484138
3885,1.471946
3886,1.462694
3887,1.456883
3888,1.454775
3889,1.456395
3890,1.46155
3891,1.469829
3892,1.480604
3893,1.493035
3894,1.506139
3895,1.518906
3896,1.530417
3897,1.539938
3898,1.546994
3899,1.551444
3900,1.553572
3901,1.55416
3902,1.554465
3903,1.55606
3904,1.560535
3905,1.569141
3906,1.582534
3907,1.60072
3908,1.623242
3909,1.649484
3910,1.67895
3911,1.711373
3912,1.746633
3913,1.784559
3914,1.824747
3915,1.866496
3916,1.908902
3917,1.951037
3918,1.992142
3919,2.031737
3920,2.069626
3921,2.105811
3922,2.140348
3923,2.17325
3924,2.204466
3925,2.233956
3926,2.261793
3927,2.288223
3928,2.313619
3929,2.338358
3930,2.362655
3931,2.386427
3932,2.409238
3933,2.430349
3934,2.448877
3935,2.464006
3936,2.475199
3937,2.482356
3938,2.485857
3939,2.486486
3940,2.485236
3941,2.483064
3942,2.480665
3943,2.478354
3944,2.476047
3945,2.473342
3946,2.469651
3947,2.464368
3948,2.45703
3949,2.447449
3950,2.435741
3951,2.422238
3952,2.407302
3953,2.391151
3954,2.373768
3955,2.354949
3956,2.334422
3957,2.311977
3958,2.287562
3959,2.261302
3960,2.233473
3961,2.204458
3962,2.174706
3963,2.144716
3964,2.115025
3965,2.086184
3966,2.058689
3967,2.032906
3968,2.009004
3969,1.986924
3970,1.9664
3971,1.947019
3972,1.928299
3973,1.909769
3974,1.891057
3975,1.871985
3976,1.852646
3977,1.833407
3978,1.814789
3979,1.797265
3980,1.78107
3981,1.766132
3982,1.752148
3983,1.738751
3984,1.725687
3985,1.712929
3986,1.700707
3987,1.689463
3988,1.679722
3989,1.671907
3990,1.666175
3991,1.662344
3992,1.659948
3993,1.65838
3994,1.65709
3995,1.655764
3996,1.654451
3997,1.653568
3998,1.653801
3999,1.655931
4000,1.660667
4001,1.668556
4002,1.679974
4003,1.69515
4004,1.714158
4005,1.736875
4006,1.762924
4007,1.79164
4008,1.822108
4009,1.853266
4010,1.88405
4011,1.913532
4012,1.941
4013,1.965983
4014,1.988246
4015,2.007794
4016,2.02489
4017,2.040053
4018,2.054006
4019,2.067574
4020,2.081545
4021,2.096524
4022,2.112797
4023,2.130238
4024,2.148305
4025,2.166137
4026,2.182746
4027,2.197208
4028,2.208806
4029,2.217096
4030,2.221931
4031,2.223457
4032,2.222105
4033,2.218533
4034,2.213533
4035,2.207903
4036,2.202307
4037,2.197164
4038,2.192557
4039,2.188219
4040,2.183586
4041,2.177923
4042,2.170501
4043,2.160794
4044,2.148616
4045,2.134171
4046,2.118002
4047,2.100868
4048,2.083603
4049,2.066949
4050,2.051419
4051,2.037197
4052,2.024138
4053,2.011848
4054,1.999805
4055,1.987482
4056,1.974448
4057,1.960452
4058,1.945482
4059,1.929776
4060,1.913766
4061,1.897954
4062,1.882773
4063,1.868476
4064,1.855106
4065,1.842546
4066,1.830611
4067,1.819128
4068,1.807958
4069,1.796958
4070,1.785959
4071,1.774767
4072,1.763227
4073,1.751259
4074,1.738853
4075,1.72601
4076,1.712693
4077,1.698815
4078,1.68428
4079,1.669055
4080,1.653231
4081,1.637038
4082,1.620805
4083,1.604881
4084,1.58956
4085,1.575053
4086,1.561495
4087,1.548964
4088,1.537507
4089,1.527146
4090,1.517869
4091,1.509613
4092,1.502253
4093,1.495625
4094,1.489591
4095,1.484141
4096,1.479481
4097,1.476067
4098,1.474533
4099,1.475496
4100,1.479319
4101,1.485907
4102,1.494634
4103,1.504451
4104,1.514101
4105,1.522379
4106,1.528345
4107,1.531465
4108,1.531689
4109,1.529469
4110,1.5257
4111,1.521599
4112,1.518515
4113,1.51773
4114,1.520262
4115,1.526707
4116,1.537161
4117,1.551257
4118,1.568314
4119,1.587534
4120,1.608169
4121,1.629622
4122,1.65151
4123,1.673714
4124,1.69644
4125,1.7202
4126,1.745713
4127,1.773687
4128,1.804569
4129,1.838327
4130,1.874363
4131,1.911579
4132,1.948611
4133,1.984134
4134,2.017159
4135,2.04722
4136,2.074422
4137,2.099328
4138,2.122742
4139,2.145447
4140,2.167973
4141,2.190455
4142,2.212599
4143,2.233753
4144,2.253057
4145,2.26962
4146,2.28268
4147,2.291722
4148,2.296544
4149,2.297272
4150,2.294308
4151,2.288231
4152,2.279681
4153,2.269222
4154,2.257247
4155,2.243928
4156,2.229237
4157,2.213038
4158,2.195203
4159,2.175744
4160,2.154913
4161,2.133273
4162,2.1117
4163,2.091303
4164,2.073252
4165,2.05855
4166,2.047807
4167,2.0411
4168,2.037957
4169,2.037435
4170,2.038254
4171,2.038972
4172,2.038175
4173,2.034676
4174,2.027668
4175,2.016801
4176,2.002129
4177,1.98398
4178,1.962792
4179,1.939008
4180,1.913069
4181,1.885428
4182,1.856547
4183,1.826847
4184,1.796639
4185,1.766109
4186,1.735364
4187,1.704533
4188,1.673891
4189,1.643968
4190,1.615573
4191,1.589704
4192,1.567362
4193,1.549322
4194,1.535932
4195,1.527013
4196,1.52188
4197,1.519512
4198,1.518804
4199,1.518828
4200,1.518997
4201,1.519066
4202,1.518969
4203,1.518566
4204,1.51745
4205,1.514916
4206,1.510166
4207,1.502641
4208,1.492325
4209,1.479861
4210,1.466404
4211,1.453256
4212,1.441436
4213,1.431327
4214,1.422527
4215,1.413938
4216,1.404059
4217,1.391375
4218,1.374711
4219,1.353471
4220,1.327695
4221,1.297969
4222,1.265224
4223,1.230524
4224,1.1949
4225,1.15927
4226,1.124439
4227,1.091179
4228,1.060353
4229,1.033025
4230,1.010484
4231,0.994115
4232,0.985122
4233,0.984209
4234,0.991345
4235,1.005692
4236,1.025723
4237,1.049488
4238,1.074954
4239,1.100328
4240,1.124297
4241,1.146118
4242,1.165582
4243,1.182896
4244,1.198528
4245,1.21304
4246,1.226919
4247,1.240431
4248,1.253529
4249,1.265862
4250,1.276904
4251,1.286154
4252,1.293373
4253,1.298756
4254,1.30298
4255,1.307081
4256,1.31221
4257,1.319372
4258,1.32924
4259,1.3421
4260,1.357911
4261,1.376406
4262,1.397189
4263,1.419771
4264,1.443589
4265,1.468028
4266,1.4925
4267,1.516537
4268,1.539867
4269,1.562417
4270,1.584269
4271,1.605594
4272,1.626613
4273,1.647565
4274,1.668684
4275,1.690153
4276,1.71207
4277,1.734423
4278,1.757115
4279,1.779989
4280,1.802846
4281,1.825426
4282,1.847393
4283,1.868369
4284,1.888047
4285,1.906327
4286,1.923423
4287,1.939879
4288,1.956478
4289,1.97409
4290,1.993489
4291,2.015192
4292,2.039351
4293,2.06574
4294,2.093816
4295,2.122865
4296,2.15216
4297,2.181098
4298,2.209258
4299,2.236389
4300,2.262329
4301,2.286941
4302,2.310055
4303,2.331468
4304,2.350977
4305,2.368442
4306,2.383842
4307,2.397299
4308,2.409068
4309,2.4195
4310,2.428976
4311,2.437833
4312,2.446288
4313,2.454412
4314,2.46215
4315,2.469391
4316,2.476038
4317,2.482027
4318,2.487281
4319,2.491636
4320,2.494795
4321,2.49634
4322,2.495796
4323,2.492735
4324,2.486895
4325,2.478266
4326,2.467093
4327,2.453782
4328,2.43874
4329,2.422231
4330,2.404318
4331,2.384907
4332,2.363864
4333,2.341117
4334,2.316709
4335,2.290766
4336,2.263377
4337,2.234462
4338,2.203695
4339,2.170574
4340,2.134613
4341,2.095622
4342,2.053941
4343,2.010591
4344,1.967241
4345,1.925991
4346,1.888998
4347,1.858033
4348,1.834122
4349,1.817375
4350,1.807027
4351,1.80166
4352,1.799515
4353,1.798846
4354,1.798209
4355,1.796648
4356,1.793728
4357,1.789437
4358,1.784031
4359,1.777872
4360,1.771302
4361,1.764547
4362,1.757661
4363,1.750521
4364,1.742894
4365,1.734532
4366,1.725265
4367,1.71506
4368,1.704049
4369,1.692561
4370,1.681139
4371,1.670533
4372,1.661627
4373,1.655276
4374,1.652126
4375,1.652442
4376,1.656044
4377,1.662329
4378,1.670385
4379,1.679145
4380,1.687551
4381,1.694712
4382,1.700073
4383,1.703545
4384,1.705568
4385,1.707038
4386,1.709119
4387,1.712981
4388,1.719561
4389,1.729384
4390,1.742499
4391,1.758515
4392,1.776744
4393,1.796385
4394,1.816716
4395,1.837226
4396,1.857639
4397,1.877834
4398,1.897688
4399,1.916954
4400,1.935252
4401,1.952179
4402,1.967495
4403,1.981298
4404,1.994079
4405,2.00664
4406,2.019859
4407,2.034437
4408,2.05072
4409,2.068701
4410,2.088143
4411,2.108752
4412,2.130315
4413,2.152752
4414,2.176077
4415,2.200292
4416,2.225263
4417,2.250664
4418,2.27605
4419,2.301022
4420,2.325397
4421,2.349265
4422,2.372912
4423,2.396635
4424,2.42058
4425,2.444662
4426,2.468606
4427,2.492045
4428,2.514595
4429,2.53589
4430,2.555574
4431,2.573293
4432,2.588708
4433,2.601563
4434,2.611758
4435,2.619424
4436,2.624954
4437,2.628977
4438,2.632238
4439,2.635416
4440,2.638925
4441,2.642796
4442,2.64666
4443,2.649849
4444,2.651553
4445,2.651011
4446,2.647705
4447,2.641492
4448,2.632625
4449,2.621639
4450,2.609148
4451,2.595642
4452,2.581384
4453,2.56641
4454,2.55061
4455,2.533844
4456,2.516041
4457,2.497268
4458,2.477741
4459,2.457793
4460,2.43782
4461,2.41822
4462,2.399335
4463,2.381421
4464,2.364633
4465,2.349021
4466,2.334533
4467,2.321018
4468,2.308205
4469,2.295696
4470,2.28299
4471,2.269557
4472,2.254943
4473,2.238893
4474,2.221435
4475,2.202927
4476,2.184012
4477,2.165471
4478,2.148025
4479,2.13213
4480,2.117845
4481,2.104801
4482,2.092294
4483,2.079493
4484,2.06572
4485,2.050702
4486,2.034697
4487,2.018399
4488,2.002676
4489,1.988223
4490,1.975262
4491,1.963415
4492,1.951803
4493,1.939355
4494,1.925181
4495,1.90887
4496,1.890598
4497,1.871037
4498,1.85114
4499,1.831877
4500,1.813997
4501,1.797887
4502,1.783531
4503,1.770595
4504,1.758584
4505,1.747037
4506,1.735702
4507,1.724645
4508,1.71428
4509,1.705279
4510,1.698395
4511,1.694226
4512,1.69301
4513,1.694506
4514,1.698031
4515,1.702629
4516,1.707331
4517,1.711386
4518,1.714429
4519,1.716534
4520,1.718183
4521,1.720166
4522,1.723414
4523,1.728775
4524,1.7368
4525,1.747593
4526,1.76081
4527,1.775773
4528,1.791656
4529,1.807653
4530,1.823074
4531,1.837376
4532,1.85016
4533,1.86117
4534,1.870298
4535,1.877617
4536,1.88342
4537,1.888226
4538,1.89273
4539,1.89766
4540,1.903588
4541,1.910778
4542,1.919134
4543,1.928292
4544,1.937778
4545,1.947187
4546,1.956322
4547,1.965255
4548,1.974318
4549,1.98401
4550,1.994856
4551,2.007276
4552,2.021506
4553,2.037584
4554,2.055392
4555,2.074718
4556,2.095293
4557,2.116792
4558,2.138812
4559,2.160847
4560,2.182294
4561,2.202486
4562,2.220771
4563,2.236606
4564,2.249643
4565,2.259776
4566,2.267133
4567,2.27206
4568,2.275097
4569,2.276973
4570,2.278571
4571,2.280848
4572,2.284673
4573,2.290655
4574,2.299024
4575,2.309631
4576,2.322071
4577,2.335864
4578,2.350631
4579,2.366165
4580,2.382408
4581,2.399342
4582,2.416884
4583,2.434826
4584,2.452849
4585,2.470567
4586,2.487586
4587,2.503522
4588,2.517973
4589,2.530463
4590,2.540432
4591,2.54732
4592,2.550735
4593,2.550595
4594,2.547181
4595,2.541071
4596,2.533032
4597,2.523904
4598,2.514524
4599,2.505651
4600,2.497906
4601,2.491737
4602,2.48741
4603,2.485008
4604,2.484434
4605,2.485408
4606,2.487498
4607,2.490174
4608,2.492882
4609,2.495125
4610,2.496543
4611,2.496982
4612,2.496499
4613,2.495303
4614,2.493627
4615,2.491574
4616,2.488994
4617,2.485477
4618,2.480458
4619,2.473429
4620,2.46411
4621,2.452515
4622,2.438885
4623,2.423565
4624,2.4069
4625,2.38918
4626,2.370631
4627,2.351405
4628,2.331577
4629,2.311158
4630,2.290135
4631,2.268539
4632,2.246484
4633,2.224184
4634,2.20189
4635,2.179789
4636,2.157919
4637,2.136192
4638,2.114518
4639,2.092993
4640,2.072036
4641,2.052394
4642,2.034996
4643,2.020718
4644,2.010139
4645,2.003408
4646,2.000236
4647,1.999994
4648,2.001844
4649,2.004886
4650,2.008275
4651,2.011337
4652,2.013666
4653,2.015175
4654,2.016071
4655,2.016749
4656,2.017614
4657,2.01891
4658,2.020595
4659,2.022341
4660,2.023673
4661,2.024181
4662,2.023719
4663,2.022496
4664,2.021035
4665,2.020027
4666,2.020161
4667,2.021971
4668,2.025742
4669,2.031505
4670,2.039084
4671,2.048179
4672,2.058447
4673,2.069563
4674,2.081259
4675,2.093324
4676,2.105578
4677,2.117833
4678,2.129869
4679,2.141435
4680,2.152292
4681,2.162259
4682,2.171244
4683,2.179244
4684,2.186327
4685,2.192643
4686,2.198448
4687,2.204125
4688,2.210157
4689,2.217061
4690,2.225295
4691,2.23516
4692,2.246703
4693,2.259676
4694,2.273587
4695,2.287815
4696,2.301775
4697,2.315044
4698,2.327401
4699,2.338791
4700,2.34927
4701,2.358973
4702,2.368116
4703,2.376997
4704,2.385964
4705,2.395342
4706,2.405345
4707,2.416008
4708,2.42715
4709,2.438393
4710,2.449243
4711,2.4592
4712,2.467888
4713,2.475167
4714,2.48121
4715,2.48651
4716,2.491813
4717,2.497979
4718,2.505784
4719,2.515697
4720,2.527715
4721,2.541329
4722,2.55565
4723,2.569673
4724,2.582562
4725,2.593856
4726,2.603491
4727,2.611669
4728,2.618639
4729,2.624527
4730,2.629255
4731,2.632584
4732,2.634232
4733,2.633978
4734,2.631735
4735,2.627518
4736,2.621374
4737,2.613291
4738,2.603154
4739,2.590783
4740,2.576021
4741,2.558864
4742,2.539551
4743,2.518558
4744,2.496493
4745,2.473886
4746,2.450991
4747,2.427656
4748,2.403354
4749,2.377341
4750,2.34891
4751,2.317641
4752,2.283519
4753,2.24688
4754,2.208182
4755,2.167726
4756,2.125453
4757,2.08092
4758,2.033445
4759,1.982355
4760,1.927244
4761,1.868153
4762,1.805656
4763,1.740839
4764,1.675187
4765,1.610408
4766,1.548205
4767,1.49008
4768,1.437186
4769,1.390253
4770,1.349562
4771,1.314966
4772,1.285988
4773,1.261974
4774,1.242284
4775,1.226448
4776,1.214221
4777,1.205529
4778,1.200317
4779,1.198386
4780,1.199291
4781,1.202351
4782,1.206766
4783,1.211791
4784,1.216921
4785,1.22203
4786,1.227401
4787,1.233625
4788,1.241398
4789,1.251313
4790,1.263719
4791,1.278726
4792,1.296302
4793,1.316391
4794,1.338976
4795,1.364064
4796,1.39165
4797,1.421648
4798,1.453845
4799,1.487884
4800,1.523287
4801,1.559501
4802,1.595922
4803,1.63188
4804,1.66661
4805,1.699256
4806,1.728954
4807,1.754985
4808,1.776995
4809,1.795173
4810,1.8103
4811,1.823618
4812,1.836538
4813,1.850334
4814,1.865907
4815,1.883686
4816,1.903651
4817,1.925418
4818,1.948364
4819,1.97174
4820,1.994761
4821,2.016673
4822,2.03682
4823,2.054747
4824,2.070313
4825,2.083733
4826,2.095505
4827,2.106226
4828,2.116361
4829,2.126071
4830,2.135149
4831,2.14309
4832,2.149255
4833,2.153062
4834,2.15414
4835,2.152372
4836,2.147843
4837,2.140736
4838,2.131231
4839,2.119478
4840,2.105636
4841,2.089968
4842,2.072943
4843,2.055269
4844,2.037819
4845,2.021453
4846,2.006774
4847,1.993942
4848,1.982609
4849,1.972019
4850,1.961238
4851,1.949434
4852,1.936067
4853,1.920957
4854,1.904212
4855,1.886099
4856,1.86691
4857,1.846894
4858,1.82623
4859,1.805038
4860,1.783389
4861,1.761312
4862,1.738797
4863,1.715826
4864,1.692435
4865,1.668838
4866,1.645542
4867,1.623395
4868,1.603491
4869,1.586941
4870,1.574584
4871,1.566743
4872,1.563117
4873,1.562833
4874,1.564675
4875,1.567405
4876,1.570118
4877,1.572488
4878,1.574845
4879,1.578019
4880,1.583002
4881,1.590539
4882,1.600796
4883,1.613236
4884,1.626742
4885,1.639945
4886,1.651605
4887,1.660911
4888,1.667628
4889,1.672072
4890,1.674976
4891,1.677292
4892,1.679997
4893,1.683955
4894,1.689839
4895,1.698087
4896,1.708836
4897,1.721854
4898,1.736498
4899,1.751752
4900,1.766376
4901,1.779166
4902,1.789258
4903,1.796383
4904,1.800959
4905,1.80399
4906,1.806777
4907,1.810547
4908,1.816109
4909,1.823648
4910,1.832725
4911,1.842471
4912,1.851875
4913,1.860036
4914,1.866297
4915,1.870269
4916,1.871799
4917,1.870936
4918,1.867901
4919,1.863047
4920,1.856794
4921,1.849534
4922,1.841536
4923,1.832866
4924,1.823378
4925,1.8128
4926,1.80089
4927,1.787602
4928,1.773155
4929,1.757982
4930,1.742602
4931,1.727511
4932,1.713126
4933,1.699766
4934,1.687645
4935,1.676873
4936,1.667466
4937,1.659379
4938,1.65253
4939,1.646817
4940,1.642122
4941,1.638299
4942,1.635161
4943,1.632462
4944,1.62993
4945,1.627336
4946,1.624579
4947,1.621711
4948,1.618885
4949,1.616239
4950,1.613792
4951,1.61139
4952,1.608726
4953,1.605417
4954,1.601124
4955,1.595699
4956,1.589323
4957,1.582546
4958,1.576203
4959,1.571186
4960,1.568144
4961,1.567237
4962,1.56802
4963,1.569542
4964,1.570617
4965,1.570186
4966,1.567641
4967,1.562994
4968,1.556844
4969,1.550192
4970,1.544197
4971,1.539936
4972,1.53821
4973,1.539374
4974,1.543257
4975,1.549228
4976,1.556391
4977,1.563834
4978,1.570785
4979,1.576643
4980,1.580934
4981,1.583298
4982,1.583573
4983,1.581948
4984,1.579066
4985,1.575957
4986,1.573765
4987,1.573382
4988,1.575163
4989,1.578832
4990,1.58362
4991,1.588547
4992,1.592729
4993,1.595575
4994,1.596825
4995,1.596448
4996,1.59452
4997,1.591153
4998,1.586508
4999,1.58083
5000,1.574459
5001,1.567772
5002,1.561102
5003,1.554669
5004,1.548562
5005,1.542777
5006,1.537301
5007,1.532215
5008,1.527792
5009,1.52454
5010,1.523151
5011,1.524332
5012,1.52859
5013,1.536065
5014,1.5465
5015,1.559345
5016,1.573926
5017,1.589581
5018,1.605743
5019,1.621976
5020,1.638008
5021,1.653761
5022,1.669338
5023,1.68497
5024,1.700908
5025,1.717345
5026,1.734378
5027,1.752035
5028,1.770315
5029,1.789214
5030,1.80871
5031,1.828727
5032,1.849116
5033,1.869694
5034,1.890304
5035,1.910895
5036,1.931537
5037,1.952363
5038,1.973464
5039,1.994778
5040,2.016065
5041,2.036941
5042,2.056953
5043,2.075672
5044,2.092762
5045,2.108053
5046,2.121585
5047,2.133628
5048,2.144644
5049,2.155221
5050,2.166007
5051,2.17765
5052,2.190715
5053,2.205567
5054,2.222257
5055,2.24044
5056,2.259396
5057,2.27814
5058,2.295618
5059,2.310918
5060,2.323451
5061,2.333046
5062,2.339956
5063,2.344788
5064,2.348364
5065,2.351564
5066,2.355179
5067,2.359832
5068,2.365949
5069,2.37374
5070,2.383181
5071,2.393981
5072,2.4056
5073,2.417318
5074,2.428373
5075,2.438124
5076,2.446204
5077,2.452612
5078,2.457722
5079,2.462188
5080,2.466774
5081,2.472129
5082,2.478619
5083,2.486229
5084,2.494608
5085,2.503193
5086,2.511376
5087,2.51864
5088,2.524633
5089,2.529184
5090,2.532296
5091,2.53413
5092,2.534995
5093,2.535321
5094,2.535599
5095,2.53629
5096,2.537686
5097,2.539792
5098,2.542251
5099,2.54439
5100,2.545377
5101,2.544464
5102,2.541236
5103,2.535746
5104,2.5285
5105,2.520292
5106,2.511991
5107,2.50433
5108,2.497792
5109,2.492567
5110,2.488581
5111,2.485564
5112,2.483117
5113,2.480782
5114,2.478089
5115,2.474576
5116,2.469815
5117,2.463452
5118,2.455287
5119,2.445357
5120,2.433987
5121,2.421771
5122,2.409454
5123,2.397752
5124,2.387157
5125,2.377812
5126,2.369499
5127,2.361719
5128,2.353825
5129,2.345178
5130,2.335323
5131,2.324156
5132,2.31202
5133,2.299681
5134,2.288156
5135,2.278464
5136,2.271367
5137,2.267199
5138,2.265822
5139,2.266678
5140,2.268931
5141,2.271632
5142,2.273895
5143,2.275067
5144,2.274826
5145,2.273212
5146,2.270542
5147,2.267271
5148,2.263824
5149,2.260489
5150,2.257389
5151,2.254554
5152,2.252041
5153,2.250026
5154,2.248809
5155,2.248711
5156,2.249931
5157,2.252415
5158,2.255832
5159,2.259646
5160,2.263251
5161,2.266092
5162,2.26777
5163,2.268083
5164,2.267058
5165,2.26494
5166,2.262164
5167,2.259284
5168,2.256855
5169,2.255325
5170,2.254933
5171,2.255675
5172,2.257319
5173,2.259489
5174,2.261792
5175,2.263972
5176,2.26601
5177,2.268134
5178,2.270712
5179,2.274083
5180,2.278402
5181,2.283555
5182,2.289197
5183,2.294868
5184,2.300163
5185,2.304879
5186,2.309087
5187,2.31311
5188,2.317425
5189,2.322536
5190,2.328846
5191,2.336562
5192,2.345653
5193,2.355888
5194,2.366958
5195,2.378631
5196,2.390875
5197,2.403859
5198,2.417815
5199,2.432811
5200,2.448539
5201,2.464245
5202,2.478877
5203,2.491407
5204,2.501211
5205,2.508306
5206,2.513359
5207,2.517467
5208,2.521839
5209,2.527511
5210,2.535181
5211,2.545157
5212,2.557387
5213,2.5715
5214,2.586844
5215,2.60253
5216,2.617553
5217,2.630996
5218,2.642276
5219,2.651317
5220,2.658539
5221,2.664676
5222,2.670493
5223,2.676532
5224,2.682987
5225,2.689743
5226,2.69651
5227,2.70296
5228,2.708783
5229,2.713693
5230,2.717421
5231,2.719711
5232,2.720319
5233,2.719002
5234,2.715545
5235,2.709795
5236,2.701723
5237,2.691453
5238,2.679242
5239,2.665407
5240,2.650242
5241,2.633942
5242,2.616598
5243,2.598262
5244,2.579053
5245,2.559235
5246,2.539208
5247,2.519399
5248,2.500115
5249,2.481424
5250,2.463119
5251,2.444797
5252,2.426018
5253,2.406479
5254,2.38612
5255,2.365094
5256,2.343638
5257,2.321917
5258,2.299906
5259,2.277368
5260,2.253936
5261,2.229255
5262,2.203125
5263,2.175542
5264,2.146607
5265,2.11635
5266,2.084541
5267,2.050595
5268,2.013594
5269,1.972447
5270,1.926135
5271,1.873962
5272,1.815725
5273,1.751787
5274,1.683018
5275,1.610652
5276,1.536125
5277,1.460924
5278,1.386485
5279,1.314122
5280,1.244943
5281,1.179789
5282,1.119196
5283,1.063404
5284,1.012403
5285,0.966009
5286,0.923937
5287,0.885853
5288,0.851413
5289,0.820299
5290,0.79229
5291,0.767345
5292,0.745652
5293,0.72759
5294,0.7136
5295,0.703993
5296,0.698785
5297,0.697622
5298,0.699823
5299,0.704531
5300,0.710932
5301,0.718468
5302,0.726959
5303,0.736586
5304,0.747766
5305,0.760947
5306,0.776415
5307,0.79416
5308,0.813836
5309,0.834846
5310,0.856506
5311,0.878275
5312,0.899951
5313,0.921754
5314,0.944252
5315,0.968129
5316,0.993903
5317,1.021717
5318,1.051261
5319,1.081836
5320,1.11251
5321,1.142291
5322,1.170305
5323,1.195932
5324,1.218892
5325,1.239249
5326,1.25733
5327,1.27359
5328,1.288461
5329,1.302241
5330,1.315048
5331,1.326837
5332,1.337457
5333,1.346698
5334,1.354344
5335,1.360243
5336,1.364416
5337,1.36717
5338,1.369171
5339,1.371394
5340,1.374963
5341,1.380918
5342,1.389984
5343,1.402437
5344,1.418093
5345,1.436444
5346,1.456905
5347,1.479073
5348,1.502924
5349,1.528848
5350,1.55748
5351,1.58942
5352,1.62497
5353,1.664019
5354,1.706103
5355,1.750551
5356,1.796618
5357,1.84355
5358,1.890581
5359,1.936934
5360,1.981836
5361,2.024559
5362,2.064472
5363,2.101127
5364,2.134329
5365,2.164187
5366,2.191064
5367,2.215438
5368,2.237718
5369,2.258109
5370,2.276579
5371,2.292937
5372,2.306968
5373,2.318552
5374,2.327749
5375,2.33482
5376,2.340181
5377,2.344297
5378,2.34754
5379,2.350078
5380,2.35183
5381,2.352492
5382,2.351616
5383,2.348694
5384,2.343256
5385,2.334944
5386,2.323588
5387,2.309222
5388,2.292079
5389,2.272539
5390,2.25108
5391,2.228226
5392,2.204488
5393,2.180313
5394,2.15601
5395,2.131668
5396,2.107104
5397,2.081861
5398,2.0553
5399,2.026754
5400,1.995677
5401,1.961738
5402,1.924843
5403,1.885113
5404,1.842863
5405,1.798566
5406,1.752754
5407,1.705877
5408,1.658182
5409,1.609683
5410,1.560241
5411,1.50971
5412,1.458093
5413,1.405652
5414,1.352948
5415,1.300801
5416,1.25017
5417,1.202005
5418,1.15712
5419,1.116119
5420,1.079391
5421,1.047147
5422,1.019459
5423,0.996289
5424,0.977471
5425,0.96269
5426,0.951465
5427,0.943173
5428,0.937094
5429,0.93247
5430,0.928568
5431,0.924741
5432,0.920474
5433,0.915409
5434,0.909336
5435,0.902183
5436,0.894021
5437,0.885088
5438,0.875796
5439,0.866694
5440,0.858396
5441,0.85145
5442,0.846207
5443,0.842711
5444,0.84067
5445,0.839545
5446,0.83872
5447,0.837719
5448,0.836346
5449,0.834741
5450,0.833331
5451,0.83275
5452,0.833751
5453,0.837114
5454,0.843508
5455,0.853327
5456,0.866541
5457,0.882666
5458,0.900888
5459,0.920314
5460,0.940241
5461,0.960316
5462,0.980524
5463,1.001022
5464,1.021923
5465,1.043124
5466,1.064232
5467,1.084587
5468,1.103381
5469,1.119837
5470,1.133416
5471,1.14402
5472,1.152102
5473,1.158635
5474,1.164919
5475,1.172282
5476,1.181782
5477,1.194003
5478,1.208977
5479,1.226243
5480,1.245001
5481,1.264335
5482,1.283434
5483,1.301789
5484,1.319322
5485,1.336391
5486,1.353668
5487,1.371907
5488,1.391703
5489,1.413336
5490,1.436733
5491,1.461531
5492,1.48717
5493,1.512966
5494,1.538165
5495,1.56201
5496,1.58385
5497,1.603266
5498,1.620166
5499,1.634792
5500,1.647625
5501,1.659226
5502,1.670064
5503,1.680415
5504,1.690345
5505,1.69977
5506,1.708561
5507,1.716639
5508,1.724021
5509,1.730767
5510,1.736867
5511,1.742116
5512,1.746091
5513,1.748262
5514,1.748199
5515,1.745761
5516,1.741153
5517,1.734827
5518,1.727268
5519,1.718799
5520,1.709484
5521,1.699174
5522,1.687644
5523,1.674764
5524,1.660606
5525,1.64545
5526,1.629671
5527,1.613593
5528,1.597387
5529,1.5811
5530,1.564809
5531,1.548816
5532,1.533744
5533,1.520479
5534,1.509947
5535,1.502851
5536,1.49946
5537,1.499539
5538,1.502384
5539,1.506952
5540,1.512048
5541,1.516523
5542,1.519464
5543,1.52032
5544,1.51894
5545,1.51552
5546,1.510472
5547,1.504252
5548,1.497192
5549,1.489435
5550,1.480975
5551,1.47178
5552,1.461926
5553,1.451638
5554,1.441233
5555,1.431
5556,1.421093
5557,1.411529
5558,1.402274
5559,1.39341
5560,1.385253
5561,1.378345
5562,1.37328
5563,1.370422
5564,1.369667
5565,1.370372
5566,1.371503
5567,1.371961
5568,1.370935
5569,1.368142
5570,1.363862
5571,1.358761
5572,1.353615
5573,1.349035
5574,1.345323
5575,1.34247
5576,1.340259
5577,1.338378
5578,1.336521
5579,1.334442
5580,1.33202
5581,1.329319
5582,1.326638
5583,1.32451
5584,1.323631
5585,1.324714
5586,1.32831
5587,1.334669
5588,1.343663
5589,1.354818
5590,1.367396
5591,1.380528
5592,1.39335
5593,1.405143
5594,1.415451
5595,1.424151
5596,1.43147
5597,1.437907
5598,1.444096
5599,1.450622
5600,1.457869
5601,1.465959
5602,1.474798
5603,1.484204
5604,1.494066
5605,1.504453
5606,1.515621
5607,1.527909
5608,1.541581
5609,1.556665
5610,1.572891
5611,1.589737
5612,1.606584
5613,1.622902
5614,1.638366
5615,1.652859
5616,1.66637
5617,1.678899
5618,1.690423
5619,1.700973
5620,1.710747
5621,1.720196
5622,1.729988
5623,1.740856
5624,1.753377
5625,1.767766
5626,1.783779
5627,1.800765
5628,1.817885
5629,1.834395
5630,1.849897
5631,1.864457
5632,1.87854
5633,1.892821
5634,1.907953
5635,1.924393
5636,1.942355
5637,1.961842
5638,1.982704
5639,2.004652
5640,2.02725
5641,2.049939
5642,2.072119
5643,2.093245
5644,2.112925
5645,2.130981
5646,2.147488
5647,2.162748
5648,2.177195
5649,2.191216
5650,2.204949
5651,2.218147
5652,2.230176
5653,2.240182
5654,2.247333
5655,2.25104
5656,2.251066
5657,2.247534
5658,2.240865
5659,2.231711
5660,2.220856
5661,2.209093
5662,2.19708
5663,2.185201
5664,2.173479
5665,2.161566
5666,2.148823
5667,2.134473
5668,2.117804
5669,2.098336
5670,2.075926
5671,2.050756
5672,2.023241
5673,1.993873
5674,1.963071
5675,1.931059
5676,1.897835
5677,1.863233
5678,1.827054
5679,1.789214
5680,1.749869
5681,1.709451
5682,1.668631
5683,1.628192
5684,1.588881
5685,1.551265
5686,1.515642
5687,1.482056
5688,1.450422
5689,1.420725
5690,1.393183
5691,1.368277
5692,1.346623
5693,1.328738
5694,1.314831
5695,1.304712
5696,1.297842
5697,1.293481
5698,1.290851
5699,1.289257
5700,1.288136
5701,1.287042
5702,1.285609
5703,1.283514
5704,1.280466
5705,1.276228
5706,1.270629
5707,1.26357
5708,1.254999
5709,1.244892
5710,1.233289
5711,1.220387
5712,1.206669
5713,1.192952
5714,1.180298
5715,1.169758
5716,1.162063
5717,1.15738
5718,1.155271
5719,1.154863
5720,1.155169
5721,1.155441
5722,1.155454
5723,1.155623
5724,1.156942
5725,1.160727
5726,1.168247
5727,1.180333
5728,1.197095
5729,1.217839
5730,1.241231
5731,1.265654
5732,1.289604
5733,1.311983
5734,1.332165
5735,1.349893
5736,1.365078
5737,1.377683
5738,1.387734
5739,1.395469
5740,1.401512
5741,1.406954
5742,1.413239
5743,1.421857
5744,1.433947
5745,1.449961
5746,1.469538
5747,1.49164
5748,1.514883
5749,1.537925
5750,1.559792
5751,1.580053
5752,1.598847
5753,1.616776
5754,1.634726
5755,1.653641
5756,1.674317
5757,1.697257
5758,1.722623
5759,1.750274
5760,1.779819
5761,1.810667
5762,1.842085
5763,1.873294
5764,1.903615
5765,1.932611
5766,1.960164
5767,1.986447
5768,2.011801
5769,2.036563
5770,2.060956
5771,2.085067
5772,2.108917
5773,2.132535
5774,2.155997
5775,2.179403
5776,2.202833
5777,2.226309
5778,2.249777
5779,2.273122
5780,2.296177
5781,2.318711
5782,2.340415
5783,2.360924
5784,2.379887
5785,2.397078
5786,2.412503
5787,2.426445
5788,2.4394
5789,2.451933
5790,2.464494
5791,2.477265
5792,2.490115
5793,2.502662
5794,2.514425
5795,2.524998
5796,2.534202
5797,2.54212
5798,2.549023
5799,2.555209
5800,2.560844
5801,2.565897
5802,2.570178
5803,2.573439
5804,2.575496
5805,2.576316
5806,2.576047
5807,2.575012
5808,2.573659
5809,2.572478
5810,2.571892
5811,2.572159
5812,2.573316
5813,2.575198
5814,2.577503
5815,2.579896
5816,2.582107
5817,2.584019
5818,2.585686
5819,2.5873
5820,2.589097
5821,2.59125
5822,2.593793
5823,2.596568
5824,2.599224
5825,2.601251
5826,2.602091
5827,2.601285
5828,2.598594
5829,2.594018
5830,2.587703
5831,2.579806
5832,2.570417
5833,2.559556
5834,2.547233
5835,2.53351
5836,2.518546
5837,2.502595
5838,2.485992
5839,2.469143
5840,2.452523
5841,2.436665
5842,2.42212
5843,2.409372
5844,2.398741
5845,2.390332
5846,2.384032
5847,2.379548
5848,2.376425
5849,2.37405
5850,2.371658
5851,2.36838
5852,2.363354
5853,2.355897
5854,2.345691
5855,2.332935
5856,2.318398
5857,2.303308
5858,2.28908
5859,2.27695
5860,2.26763
5861,2.261098
5862,2.256602
5863,2.25288
5864,2.248515
5865,2.242298
5866,2.233487
5867,2.221887
5868,2.20776
5869,2.191653
5870,2.174187
5871,2.155893
5872,2.137124
5873,2.11803
5874,2.098595
5875,2.078687
5876,2.058109
5877,2.036626
5878,2.013982
5879,1.989898
5880,1.964097
5881,1.936325
5882,1.906388
5883,1.874177
5884,1.839712
5885,1.803177
5886,1.764932
5887,1.725479
5888,1.685396
5889,1.64528
5890,1.605722
5891,1.567359
5892,1.530924
5893,1.497266
5894,1.467258
5895,1.441617
5896,1.420715
5897,1.404475
5898,1.392424
5899,1.383886
5900,1.378214
5901,1.37498
5902,1.374025
5903,1.37539
5904,1.379191
5905,1.385482
5906,1.39418
5907,1.405031
5908,1.417639
5909,1.431541
5910,1.446313
5911,1.461676
5912,1.477552
5913,1.494051
5914,1.511381
5915,1.529726
5916,1.54911
5917,1.569309
5918,1.589858
5919,1.610168
5920,1.629729
5921,1.648316
5922,1.666107
5923,1.683649
5924,1.701701
5925,1.720975
5926,1.741864
5927,1.764245
5928,1.787422
5929,1.810239
5930,1.831348
5931,1.849527
5932,1.863972
5933,1.874451
5934,1.881292
5935,1.885228
5936,1.887166
5937,1.88796
5938,1.888205
5939,1.888107
5940,1.887437
5941,1.885637
5942,1.882035
5943,1.876113
5944,1.867741
5945,1.857292
5946,1.84558
5947,1.833633
5948,1.822363
5949,1.812284
5950,1.803364
5951,1.795073
5952,1.7866
5953,1.777144
5954,1.76616
5955,1.753466
5956,1.739208
5957,1.723726
5958,1.707414
5959,1.690619
5960,1.673591
5961,1.656475
5962,1.639327
5963,1.622145
5964,1.604886
5965,1.587486
5966,1.56988
5967,1.552038
5968,1.533978
5969,1.515747
5970,1.497375
5971,1.478821
5972,1.459999
5973,1.440869
5974,1.421568
5975,1.402491
5976,1.384263
5977,1.367601
5978,1.35311
5979,1.341114
5980,1.331575
5981,1.324159
5982,1.318419
5983,1.314017
5984,1.310851
5985,1.308999
5986,1.308497
5987,1.309102
5988,1.310186
5989,1.310887
5990,1.31053
5991,1.309269
5992,1.308791
5993,1.312788
5994,1.326866
5995,1.357539
5996,1.410291
5997,1.487155
5998,1.58483
5999,1.69451
